Testime,NailPostition,Curr,BTV,Power,ChgQ,DchgQ,ChgE,DchgE,AuxV1,AuxV2,AuxV3,AuxV4,NTC1,NTC2,NTC3,NTC4,TJ1,TJ2,TJ3,TJ4,TJ5,TJ6,TJ7,TJ8,Force,SOC
798,-99,1407,4150,0,0,0,0,0,4150,0,0,0,-310,0,0,0,290,292,0,0,0,0,0,0,0,100
1805,-89,287,4150,0,0,0,0,0,4150,0,0,0,-310,0,0,0,290,288,0,0,0,0,0,0,0,100
2798,-79,654,4151,0,0,0,0,0,4151,0,0,0,-310,0,0,0,292,292,0,0,0,0,0,0,0,100
3798,-69,54,4150,0,0,0,0,0,4150,0,0,0,-310,0,0,0,288,288,0,0,0,0,0,0,0,100
4798,-59,120,4150,0,0,0,0,0,4150,0,0,0,-310,0,0,0,292,290,0,0,0,0,0,0,0,100
5798,-49,58,4151,0,0,0,0,0,4151,0,0,0,-310,0,0,0,286,292,0,0,0,0,0,0,0,100
6798,-39,201,4151,0,0,0,0,0,4151,0,0,0,-310,0,0,0,290,290,0,0,0,0,0,0,0,100
7798,-29,268,4151,0,0,0,0,0,4151,0,0,0,-310,0,0,0,290,294,0,0,0,0,0,0,0,100
8798,-20,2207,4150,0,0,0,0,0,4150,0,0,0,-310,0,0,0,292,288,0,0,0,0,0,0,0,100
9798,-9,1419,4150,0,0,0,0,0,4150,0,0,0,-310,0,0,0,292,288,0,0,0,0,0,0,0,100
10798,1,1818,4151,0,0,0,0,0,4151,0,0,0,-310,0,0,0,294,290,0,0,0,0,0,0,24,100
11798,10,2291,4151,0,0,0,0,0,4151,0,0,0,-310,0,0,0,292,286,0,0,0,0,0,0,65,100
12798,20,416,4150,0,0,0,0,0,4150,0,0,0,-310,0,0,0,290,290,0,0,0,0,0,0,104,100
13798,30,258,4150,0,0,0,0,0,4150,0,0,0,-310,0,0,0,294,286,0,0,0,0,0,0,138,100
14798,41,1804,4151,0,0,0,0,0,4151,0,0,0,-310,0,0,0,296,288,0,0,0,0,0,0,171,100
15798,50,1542,4150,0,0,0,0,0,4150,0,0,0,-310,0,0,0,290,296,0,0,0,0,0,0,206,100
16798,60,1478,4150,0,0,0,0,0,4150,0,0,0,-310,0,0,0,292,292,0,0,0,0,0,0,242,100
17805,70,625,4150,0,0,0,0,0,4150,0,0,0,-310,0,0,0,292,290,0,0,0,0,0,0,272,100
18805,80,2194,4150,0,0,0,0,0,4150,0,0,0,-310,0,0,0,292,290,0,0,0,0,0,0,304,100
19821,91,412,4148,0,0,0,0,0,4148,0,0,0,-310,0,0,0,296,292,0,0,0,0,0,0,333,100
20798,99,258,4143,0,0,0,0,0,4143,0,0,0,-310,0,0,0,292,292,0,0,0,0,0,0,90,100
21798,99,464,4144,0,0,0,0,0,4144,0,0,0,-310,0,0,0,303,288,0,0,0,0,0,0,94,100
22821,99,1158,4144,0,0,0,0,0,4144,0,0,0,-310,0,0,0,301,290,0,0,0,0,0,0,96,100
23798,99,1016,4144,0,0,0,0,0,4144,0,0,0,-310,0,0,0,307,288,0,0,0,0,0,0,97,100
24798,99,1958,4143,0,0,0,0,0,4143,0,0,0,-310,0,0,0,305,290,0,0,0,0,0,0,98,100
25821,99,185,4143,0,0,0,0,0,4143,0,0,0,-310,0,0,0,307,292,0,0,0,0,0,0,99,100
26798,99,41,4143,0,0,0,0,0,4143,0,0,0,-310,0,0,0,311,290,0,0,0,0,0,0,99,100
27821,99,1811,4143,0,0,0,0,0,4143,0,0,0,-310,0,0,0,313,292,0,0,0,0,0,0,100,100
28798,99,75,4143,0,0,0,0,0,4143,0,0,0,-310,0,0,0,311,294,0,0,0,0,0,0,100,100
29798,99,2107,4143,0,0,0,0,0,4143,0,0,0,-310,0,0,0,317,290,0,0,0,0,0,0,100,100
30798,99,2418,4142,0,0,0,0,0,4142,0,0,0,-310,0,0,0,313,290,0,0,0,0,0,0,100,100
31798,99,1294,4142,0,0,0,0,0,4142,0,0,0,-310,0,0,0,321,290,0,0,0,0,0,0,101,100
32798,99,197,4142,0,0,0,0,0,4142,0,0,0,-310,0,0,0,319,288,0,0,0,0,0,0,101,100
33798,99,2374,4142,0,0,0,0,0,4142,0,0,0,-310,0,0,0,319,288,0,0,0,0,0,0,100,100
34798,99,1638,4142,0,0,0,0,0,4142,0,0,0,-310,0,0,0,323,294,0,0,0,0,0,0,101,100
35798,99,123,4142,0,0,0,0,0,4142,0,0,0,-310,0,0,0,323,294,0,0,0,0,0,0,101,100
36798,99,2294,4141,0,0,0,0,0,4141,0,0,0,-310,0,0,0,321,292,0,0,0,0,0,0,101,100
37821,99,1718,4141,0,0,0,0,0,4141,0,0,0,-310,0,0,0,321,290,0,0,0,0,0,0,101,100
38798,99,29,4141,0,0,0,0,0,4141,0,0,0,-310,0,0,0,323,290,0,0,0,0,0,0,101,100
39805,99,1432,4141,0,0,0,0,0,4141,0,0,0,-310,0,0,0,325,292,0,0,0,0,0,0,95,100
40798,99,24,4141,0,0,0,0,0,4141,0,0,0,-310,0,0,0,323,290,0,0,0,0,0,0,101,100
41798,99,1680,4141,0,0,0,0,0,4141,0,0,0,-310,0,0,0,328,294,0,0,0,0,0,0,101,100
42798,99,51,4141,0,0,0,0,0,4141,0,0,0,-310,0,0,0,325,288,0,0,0,0,0,0,101,100
43798,99,2321,4141,0,0,0,0,0,4141,0,0,0,-310,0,0,0,325,290,0,0,0,0,0,0,101,100
44798,99,1670,4140,0,0,0,0,0,4140,0,0,0,-310,0,0,0,326,290,0,0,0,0,0,0,101,100
45798,99,1321,4140,0,0,0,0,0,4140,0,0,0,-310,0,0,0,325,294,0,0,0,0,0,0,101,100
46798,99,30,4140,0,0,0,0,0,4140,0,0,0,-310,0,0,0,328,290,0,0,0,0,0,0,101,100
47798,99,1574,4140,0,0,0,0,0,4140,0,0,0,-310,0,0,0,330,292,0,0,0,0,0,0,101,100
48798,99,37,4140,0,0,0,0,0,4140,0,0,0,-310,0,0,0,328,292,0,0,0,0,0,0,101,100
49805,99,216,4140,0,0,0,0,0,4140,0,0,0,-310,0,0,0,330,292,0,0,0,0,0,0,101,100
50821,99,1656,4140,0,0,0,0,0,4140,0,0,0,-310,0,0,0,330,290,0,0,0,0,0,0,101,100
51798,99,23,4140,0,0,0,0,0,4140,0,0,0,-310,0,0,0,332,292,0,0,0,0,0,0,101,100
52798,99,2108,4140,0,0,0,0,0,4140,0,0,0,-310,0,0,0,332,292,0,0,0,0,0,0,100,100
53821,99,61,4140,0,0,0,0,0,4140,0,0,0,-310,0,0,0,334,294,0,0,0,0,0,0,100,100
54798,99,93,4139,0,0,0,0,0,4139,0,0,0,-310,0,0,0,330,294,0,0,0,0,0,0,100,100
55798,99,84,4139,0,0,0,0,0,4139,0,0,0,-310,0,0,0,332,290,0,0,0,0,0,0,100,100
56798,99,116,4139,0,0,0,0,0,4139,0,0,0,-310,0,0,0,330,292,0,0,0,0,0,0,100,100
57821,99,934,4139,0,0,0,0,0,4139,0,0,0,-310,0,0,0,334,290,0,0,0,0,0,0,100,100
58798,99,34,4139,0,0,0,0,0,4139,0,0,0,-310,0,0,0,330,290,0,0,0,0,0,0,100,100
59798,99,34,4139,0,0,0,0,0,4139,0,0,0,-310,0,0,0,332,292,0,0,0,0,0,0,100,100
60798,99,1470,4139,0,0,0,0,0,4139,0,0,0,-310,0,0,0,336,294,0,0,0,0,0,0,100,100
61798,99,1895,4139,0,0,0,0,0,4139,0,0,0,-310,0,0,0,332,292,0,0,0,0,0,0,100,100
62798,99,29,4139,0,0,0,0,0,4139,0,0,0,-310,0,0,0,334,292,0,0,0,0,0,0,100,100
63798,99,1695,4139,0,0,0,0,0,4139,0,0,0,-310,0,0,0,334,292,0,0,0,0,0,0,100,100
64798,99,37,4139,0,0,0,0,0,4139,0,0,0,-310,0,0,0,334,292,0,0,0,0,0,0,100,100
65798,99,549,4139,0,0,0,0,0,4139,0,0,0,-310,0,0,0,338,292,0,0,0,0,0,0,100,100
66798,99,259,4139,0,0,0,0,0,4139,0,0,0,-310,0,0,0,336,290,0,0,0,0,0,0,99,100
67798,99,2512,4139,0,0,0,0,0,4139,0,0,0,-310,0,0,0,338,296,0,0,0,0,0,0,100,100
68798,99,973,4139,0,0,0,0,0,4139,0,0,0,-310,0,0,0,338,292,0,0,0,0,0,0,99,100
69805,99,156,4138,0,0,0,0,0,4138,0,0,0,-310,0,0,0,340,296,0,0,0,0,0,0,99,100
70798,99,577,4138,0,0,0,0,0,4138,0,0,0,-310,0,0,0,336,292,0,0,0,0,0,0,99,100
71798,99,268,4138,0,0,0,0,0,4138,0,0,0,-310,0,0,0,338,294,0,0,0,0,0,0,99,100
72798,99,148,4138,0,0,0,0,0,4138,0,0,0,-310,0,0,0,338,294,0,0,0,0,0,0,99,100
73798,99,101,4138,0,0,0,0,0,4138,0,0,0,-310,0,0,0,336,294,0,0,0,0,0,0,99,100
74798,99,2093,4138,0,0,0,0,0,4138,0,0,0,-310,0,0,0,344,294,0,0,0,0,0,0,99,100
75798,99,1472,4138,0,0,0,0,0,4138,0,0,0,-310,0,0,0,338,292,0,0,0,0,0,0,99,100
76798,99,106,4138,0,0,0,0,0,4138,0,0,0,-310,0,0,0,342,292,0,0,0,0,0,0,99,100
77798,99,2501,4138,0,0,0,0,0,4138,0,0,0,-310,0,0,0,336,296,0,0,0,0,0,0,98,100
78798,99,439,4138,0,0,0,0,0,4138,0,0,0,-310,0,0,0,338,296,0,0,0,0,0,0,98,100
79798,99,27,4138,0,0,0,0,0,4138,0,0,0,-310,0,0,0,340,292,0,0,0,0,0,0,98,100
80821,99,491,4138,0,0,0,0,0,4138,0,0,0,-310,0,0,0,342,296,0,0,0,0,0,0,98,100
81798,99,57,4137,0,0,0,0,0,4137,0,0,0,-310,0,0,0,342,296,0,0,0,0,0,0,98,100
82798,99,1350,4137,0,0,0,0,0,4137,0,0,0,-310,0,0,0,342,296,0,0,0,0,0,0,98,100
83798,99,1606,4137,0,0,0,0,0,4137,0,0,0,-310,0,0,0,338,294,0,0,0,0,0,0,98,100
84798,99,477,4137,0,0,0,0,0,4137,0,0,0,-310,0,0,0,340,290,0,0,0,0,0,0,98,100
85798,99,277,4137,0,0,0,0,0,4137,0,0,0,-310,0,0,0,336,296,0,0,0,0,0,0,98,100
86805,99,91,4137,0,0,0,0,0,4137,0,0,0,-310,0,0,0,344,296,0,0,0,0,0,0,98,100
87798,99,314,4137,0,0,0,0,0,4137,0,0,0,-310,0,0,0,342,294,0,0,0,0,0,0,98,100
88798,99,104,4137,0,0,0,0,0,4137,0,0,0,-310,0,0,0,340,296,0,0,0,0,0,0,98,100
89798,99,24,4137,0,0,0,0,0,4137,0,0,0,-310,0,0,0,344,294,0,0,0,0,0,0,98,100
90798,99,2134,4137,0,0,0,0,0,4137,0,0,0,-310,0,0,0,342,294,0,0,0,0,0,0,98,100
91798,99,2443,4137,0,0,0,0,0,4137,0,0,0,-310,0,0,0,344,296,0,0,0,0,0,0,98,100
92798,99,2304,4137,0,0,0,0,0,4137,0,0,0,-310,0,0,0,342,298,0,0,0,0,0,0,97,100
93798,99,1166,4137,0,0,0,0,0,4137,0,0,0,-310,0,0,0,346,296,0,0,0,0,0,0,98,100
94798,99,51,4137,0,0,0,0,0,4137,0,0,0,-310,0,0,0,342,294,0,0,0,0,0,0,98,100
95821,99,67,4137,0,0,0,0,0,4137,0,0,0,-310,0,0,0,342,294,0,0,0,0,0,0,98,100
96798,99,1543,4137,0,0,0,0,0,4137,0,0,0,-310,0,0,0,344,296,0,0,0,0,0,0,98,100
97798,99,1932,4137,0,0,0,0,0,4137,0,0,0,-310,0,0,0,344,298,0,0,0,0,0,0,97,100
98805,99,819,4137,0,0,0,0,0,4137,0,0,0,-310,0,0,0,342,296,0,0,0,0,0,0,97,100
99798,99,41,4137,0,0,0,0,0,4137,0,0,0,-310,0,0,0,342,296,0,0,0,0,0,0,97,100
100798,99,1494,4137,0,0,0,0,0,4137,0,0,0,-310,0,0,0,346,296,0,0,0,0,0,0,97,100
101798,99,605,4137,0,0,0,0,0,4137,0,0,0,-310,0,0,0,342,296,0,0,0,0,0,0,97,100
102798,99,2489,4137,0,0,0,0,0,4137,0,0,0,-310,0,0,0,344,298,0,0,0,0,0,0,97,100
103798,99,111,4136,0,0,0,0,0,4136,0,0,0,-310,0,0,0,348,298,0,0,0,0,0,0,97,100
104798,99,1869,4137,0,0,0,0,0,4137,0,0,0,-310,0,0,0,344,300,0,0,0,0,0,0,97,100
105798,99,119,4136,0,0,0,0,0,4136,0,0,0,-310,0,0,0,348,294,0,0,0,0,0,0,97,100
106798,99,819,4136,0,0,0,0,0,4136,0,0,0,-310,0,0,0,344,296,0,0,0,0,0,0,97,100
107798,99,1325,4136,0,0,0,0,0,4136,0,0,0,-310,0,0,0,344,296,0,0,0,0,0,0,96,100
108798,99,188,4136,0,0,0,0,0,4136,0,0,0,-310,0,0,0,346,296,0,0,0,0,0,0,96,100
109798,99,28,4136,0,0,0,0,0,4136,0,0,0,-310,0,0,0,346,296,0,0,0,0,0,0,96,100
110798,99,764,4136,0,0,0,0,0,4136,0,0,0,-310,0,0,0,346,296,0,0,0,0,0,0,96,100
111798,99,1588,4136,0,0,0,0,0,4136,0,0,0,-310,0,0,0,348,296,0,0,0,0,0,0,96,100
112798,99,109,4136,0,0,0,0,0,4136,0,0,0,-310,0,0,0,344,298,0,0,0,0,0,0,96,100
113798,99,43,4136,0,0,0,0,0,4136,0,0,0,-310,0,0,0,344,296,0,0,0,0,0,0,96,100
114798,99,245,4136,0,0,0,0,0,4136,0,0,0,-310,0,0,0,344,296,0,0,0,0,0,0,96,100
115798,99,1279,4136,0,0,0,0,0,4136,0,0,0,-310,0,0,0,346,298,0,0,0,0,0,0,96,100
116798,99,162,4136,0,0,0,0,0,4136,0,0,0,-310,0,0,0,346,296,0,0,0,0,0,0,96,100
117821,99,214,4136,0,0,0,0,0,4136,0,0,0,-310,0,0,0,348,300,0,0,0,0,0,0,96,100
118798,99,255,4136,0,0,0,0,0,4136,0,0,0,-310,0,0,0,348,298,0,0,0,0,0,0,96,100
119798,99,44,4136,0,0,0,0,0,4136,0,0,0,-310,0,0,0,346,301,0,0,0,0,0,0,96,100
120798,99,24,4136,0,0,0,0,0,4136,0,0,0,-310,0,0,0,346,300,0,0,0,0,0,0,96,100
121795,99,1393,4136,0,0,0,0,0,4136,0,0,0,-310,0,0,0,344,298,0,0,0,0,0,0,96,100
122798,99,393,4136,0,0,0,0,0,4136,0,0,0,-310,0,0,0,348,296,0,0,0,0,0,0,96,100
123798,99,444,4135,0,0,0,0,0,4135,0,0,0,-310,0,0,0,344,301,0,0,0,0,0,0,95,100
124798,99,28,4136,0,0,0,0,0,4136,0,0,0,-310,0,0,0,350,296,0,0,0,0,0,0,96,100
125798,99,819,4135,0,0,0,0,0,4135,0,0,0,-310,0,0,0,348,300,0,0,0,0,0,0,95,100
126798,99,2497,4136,0,0,0,0,0,4136,0,0,0,-310,0,0,0,348,296,0,0,0,0,0,0,95,100
127798,99,408,4135,0,0,0,0,0,4135,0,0,0,-310,0,0,0,348,294,0,0,0,0,0,0,95,100
128798,99,365,4135,0,0,0,0,0,4135,0,0,0,-310,0,0,0,344,301,0,0,0,0,0,0,95,100
129795,99,466,4135,0,0,0,0,0,4135,0,0,0,-310,0,0,0,346,298,0,0,0,0,0,0,95,100
130798,99,46,4135,0,0,0,0,0,4135,0,0,0,-310,0,0,0,344,298,0,0,0,0,0,0,95,100
131798,99,219,4135,0,0,0,0,0,4135,0,0,0,-310,0,0,0,348,298,0,0,0,0,0,0,95,100
132798,99,161,4135,0,0,0,0,0,4135,0,0,0,-310,0,0,0,348,300,0,0,0,0,0,0,95,100
133798,99,391,4135,0,0,0,0,0,4135,0,0,0,-310,0,0,0,348,300,0,0,0,0,0,0,95,100
134798,99,1896,4135,0,0,0,0,0,4135,0,0,0,-310,0,0,0,346,294,0,0,0,0,0,0,95,100
135798,99,321,4135,0,0,0,0,0,4135,0,0,0,-310,0,0,0,353,298,0,0,0,0,0,0,95,100
136821,99,326,4135,0,0,0,0,0,4135,0,0,0,-310,0,0,0,348,300,0,0,0,0,0,0,94,100
137798,99,22,4135,0,0,0,0,0,4135,0,0,0,-310,0,0,0,348,298,0,0,0,0,0,0,94,100
138798,99,27,4135,0,0,0,0,0,4135,0,0,0,-310,0,0,0,350,296,0,0,0,0,0,0,94,100
139821,99,67,4135,0,0,0,0,0,4135,0,0,0,-310,0,0,0,348,300,0,0,0,0,0,0,94,100
140798,99,84,4135,0,0,0,0,0,4135,0,0,0,-310,0,0,0,351,296,0,0,0,0,0,0,94,100
141798,99,2260,4135,0,0,0,0,0,4135,0,0,0,-310,0,0,0,348,300,0,0,0,0,0,0,94,100
142798,99,1396,4135,0,0,0,0,0,4135,0,0,0,-310,0,0,0,346,300,0,0,0,0,0,0,94,100
143795,99,1871,4135,0,0,0,0,0,4135,0,0,0,-310,0,0,0,350,296,0,0,0,0,0,0,94,100
144798,99,48,4135,0,0,0,0,0,4135,0,0,0,-310,0,0,0,350,300,0,0,0,0,0,0,94,100
145798,99,1573,4135,0,0,0,0,0,4135,0,0,0,-310,0,0,0,346,298,0,0,0,0,0,0,94,100
146798,99,122,4135,0,0,0,0,0,4135,0,0,0,-310,0,0,0,350,301,0,0,0,0,0,0,94,100
147805,99,1258,4135,0,0,0,0,0,4135,0,0,0,-310,0,0,0,350,298,0,0,0,0,0,0,94,100
148798,99,64,4135,0,0,0,0,0,4135,0,0,0,-310,0,0,0,350,300,0,0,0,0,0,0,94,100
149798,99,1576,4135,0,0,0,0,0,4135,0,0,0,-310,0,0,0,348,298,0,0,0,0,0,0,94,100
150798,99,1048,4135,0,0,0,0,0,4135,0,0,0,-310,0,0,0,348,298,0,0,0,0,0,0,94,100
151798,99,1513,4135,0,0,0,0,0,4135,0,0,0,-310,0,0,0,350,298,0,0,0,0,0,0,94,100
152798,99,1249,4135,0,0,0,0,0,4135,0,0,0,-310,0,0,0,351,298,0,0,0,0,0,0,93,100
153821,99,86,4134,0,0,0,0,0,4134,0,0,0,-310,0,0,0,348,301,0,0,0,0,0,0,93,100
154805,99,37,4134,0,0,0,0,0,4134,0,0,0,-310,0,0,0,355,301,0,0,0,0,0,0,93,100
155798,99,80,4134,0,0,0,0,0,4134,0,0,0,-310,0,0,0,348,296,0,0,0,0,0,0,93,100
156798,99,267,4134,0,0,0,0,0,4134,0,0,0,-310,0,0,0,351,298,0,0,0,0,0,0,93,100
157798,99,1430,4134,0,0,0,0,0,4134,0,0,0,-310,0,0,0,353,298,0,0,0,0,0,0,94,100
158798,99,22,4134,0,0,0,0,0,4134,0,0,0,-310,0,0,0,351,296,0,0,0,0,0,0,93,100
159798,99,941,4134,0,0,0,0,0,4134,0,0,0,-310,0,0,0,351,296,0,0,0,0,0,0,93,100
160798,99,110,4134,0,0,0,0,0,4134,0,0,0,-310,0,0,0,348,300,0,0,0,0,0,0,93,100
161798,99,2061,4134,0,0,0,0,0,4134,0,0,0,-310,0,0,0,350,298,0,0,0,0,0,0,93,100
162821,99,601,4134,0,0,0,0,0,4134,0,0,0,-310,0,0,0,350,300,0,0,0,0,0,0,93,100
163805,99,1137,4134,0,0,0,0,0,4134,0,0,0,-310,0,0,0,350,298,0,0,0,0,0,0,93,100
164798,99,370,4134,0,0,0,0,0,4134,0,0,0,-310,0,0,0,355,300,0,0,0,0,0,0,93,100
165798,99,618,4134,0,0,0,0,0,4134,0,0,0,-310,0,0,0,350,301,0,0,0,0,0,0,93,100
166798,99,298,4134,0,0,0,0,0,4134,0,0,0,-310,0,0,0,350,298,0,0,0,0,0,0,93,100
167798,99,2341,4134,0,0,0,0,0,4134,0,0,0,-310,0,0,0,351,298,0,0,0,0,0,0,93,100
168798,99,2519,4134,0,0,0,0,0,4134,0,0,0,-310,0,0,0,351,300,0,0,0,0,0,0,93,100
169798,99,2463,4134,0,0,0,0,0,4134,0,0,0,-310,0,0,0,350,301,0,0,0,0,0,0,92,100
170798,99,1073,4134,0,0,0,0,0,4134,0,0,0,-310,0,0,0,350,300,0,0,0,0,0,0,92,100
171798,99,39,4134,0,0,0,0,0,4134,0,0,0,-310,0,0,0,350,298,0,0,0,0,0,0,92,100
172798,99,1373,4134,0,0,0,0,0,4134,0,0,0,-310,0,0,0,351,296,0,0,0,0,0,0,92,100
173798,99,358,4134,0,0,0,0,0,4134,0,0,0,-310,0,0,0,353,296,0,0,0,0,0,0,92,100
174821,99,287,4134,0,0,0,0,0,4134,0,0,0,-310,0,0,0,351,296,0,0,0,0,0,0,92,100
175798,99,46,4134,0,0,0,0,0,4134,0,0,0,-310,0,0,0,350,300,0,0,0,0,0,0,92,100
176798,99,1548,4134,0,0,0,0,0,4134,0,0,0,-310,0,0,0,350,300,0,0,0,0,0,0,92,100
177798,99,23,4134,0,0,0,0,0,4134,0,0,0,-310,0,0,0,355,298,0,0,0,0,0,0,92,100
178798,99,59,4134,0,0,0,0,0,4134,0,0,0,-310,0,0,0,350,301,0,0,0,0,0,0,92,100
179798,99,165,4134,0,0,0,0,0,4134,0,0,0,-310,0,0,0,351,303,0,0,0,0,0,0,92,100
180798,99,93,4134,0,0,0,0,0,4134,0,0,0,-310,0,0,0,351,300,0,0,0,0,0,0,92,100
181798,99,27,4134,0,0,0,0,0,4134,0,0,0,-310,0,0,0,351,300,0,0,0,0,0,0,92,100
182798,99,27,4133,0,0,0,0,0,4133,0,0,0,-310,0,0,0,353,301,0,0,0,0,0,0,92,100
183798,99,1561,4134,0,0,0,0,0,4134,0,0,0,-310,0,0,0,351,300,0,0,0,0,0,0,92,100
184798,99,51,4134,0,0,0,0,0,4134,0,0,0,-310,0,0,0,351,298,0,0,0,0,0,0,92,100
185798,99,179,4134,0,0,0,0,0,4134,0,0,0,-310,0,0,0,351,301,0,0,0,0,0,0,92,100
186821,99,49,4133,0,0,0,0,0,4133,0,0,0,-310,0,0,0,351,301,0,0,0,0,0,0,92,100
187798,99,136,4133,0,0,0,0,0,4133,0,0,0,-310,0,0,0,353,300,0,0,0,0,0,0,92,100
188795,99,71,4133,0,0,0,0,0,4133,0,0,0,-310,0,0,0,353,303,0,0,0,0,0,0,92,100
189798,99,23,4133,0,0,0,0,0,4133,0,0,0,-310,0,0,0,353,300,0,0,0,0,0,0,91,100
190798,99,1490,4133,0,0,0,0,0,4133,0,0,0,-310,0,0,0,353,305,0,0,0,0,0,0,91,100
191798,99,119,4133,0,0,0,0,0,4133,0,0,0,-310,0,0,0,355,301,0,0,0,0,0,0,92,100
192798,99,1587,4133,0,0,0,0,0,4133,0,0,0,-310,0,0,0,353,303,0,0,0,0,0,0,92,100
193798,99,1241,4133,0,0,0,0,0,4133,0,0,0,-310,0,0,0,353,301,0,0,0,0,0,0,91,100
194798,99,2042,4133,0,0,0,0,0,4133,0,0,0,-310,0,0,0,353,301,0,0,0,0,0,0,91,100
195798,99,2534,4133,0,0,0,0,0,4133,0,0,0,-310,0,0,0,353,301,0,0,0,0,0,0,91,100
196798,99,1061,4133,0,0,0,0,0,4133,0,0,0,-310,0,0,0,355,300,0,0,0,0,0,0,91,100
197798,99,2226,4133,0,0,0,0,0,4133,0,0,0,-310,0,0,0,355,303,0,0,0,0,0,0,91,100
198798,99,29,4133,0,0,0,0,0,4133,0,0,0,-310,0,0,0,351,303,0,0,0,0,0,0,91,100
199798,99,60,4133,0,0,0,0,0,4133,0,0,0,-310,0,0,0,351,303,0,0,0,0,0,0,91,100
200798,99,394,4133,0,0,0,0,0,4133,0,0,0,-310,0,0,0,353,301,0,0,0,0,0,0,91,100
201798,99,2111,4133,0,0,0,0,0,4133,0,0,0,-310,0,0,0,351,303,0,0,0,0,0,0,91,100
202821,99,47,4133,0,0,0,0,0,4133,0,0,0,-310,0,0,0,355,303,0,0,0,0,0,0,91,100
203821,99,40,4133,0,0,0,0,0,4133,0,0,0,-310,0,0,0,353,305,0,0,0,0,0,0,91,100
204805,99,185,4133,0,0,0,0,0,4133,0,0,0,-310,0,0,0,353,303,0,0,0,0,0,0,91,100
205798,99,682,4133,0,0,0,0,0,4133,0,0,0,-310,0,0,0,351,301,0,0,0,0,0,0,91,100
206798,99,298,4133,0,0,0,0,0,4133,0,0,0,-310,0,0,0,351,305,0,0,0,0,0,0,91,100
207798,99,738,4133,0,0,0,0,0,4133,0,0,0,-310,0,0,0,351,303,0,0,0,0,0,0,91,100
208798,99,252,4133,0,0,0,0,0,4133,0,0,0,-310,0,0,0,357,305,0,0,0,0,0,0,91,100
209798,99,833,4133,0,0,0,0,0,4133,0,0,0,-310,0,0,0,353,305,0,0,0,0,0,0,91,100
210798,99,126,4133,0,0,0,0,0,4133,0,0,0,-310,0,0,0,353,303,0,0,0,0,0,0,90,100
211798,99,482,4133,0,0,0,0,0,4133,0,0,0,-310,0,0,0,353,298,0,0,0,0,0,0,95,100
212798,99,42,4133,0,0,0,0,0,4133,0,0,0,-310,0,0,0,353,305,0,0,0,0,0,0,90,100
213798,99,176,4133,0,0,0,0,0,4133,0,0,0,-310,0,0,0,351,305,0,0,0,0,0,0,90,100
214798,99,219,4133,0,0,0,0,0,4133,0,0,0,-310,0,0,0,353,301,0,0,0,0,0,0,90,100
215798,99,1902,4133,0,0,0,0,0,4133,0,0,0,-310,0,0,0,353,305,0,0,0,0,0,0,90,100
216798,99,184,4133,0,0,0,0,0,4133,0,0,0,-310,0,0,0,357,307,0,0,0,0,0,0,90,100
217798,99,881,4133,0,0,0,0,0,4133,0,0,0,-310,0,0,0,353,305,0,0,0,0,0,0,90,100
218798,99,1608,4132,0,0,0,0,0,4132,0,0,0,-310,0,0,0,355,305,0,0,0,0,0,0,90,100
219798,99,135,4132,0,0,0,0,0,4132,0,0,0,-310,0,0,0,353,303,0,0,0,0,0,0,90,100
220798,99,25,4132,0,0,0,0,0,4132,0,0,0,-310,0,0,0,355,303,0,0,0,0,0,0,90,100
221798,99,417,4133,0,0,0,0,0,4133,0,0,0,-310,0,0,0,351,307,0,0,0,0,0,0,90,100
222798,99,217,4133,0,0,0,0,0,4133,0,0,0,-310,0,0,0,353,307,0,0,0,0,0,0,90,100
223798,99,238,4132,0,0,0,0,0,4132,0,0,0,-310,0,0,0,357,305,0,0,0,0,0,0,90,100
224798,99,119,4132,0,0,0,0,0,4132,0,0,0,-310,0,0,0,357,307,0,0,0,0,0,0,90,100
225821,99,65,4132,0,0,0,0,0,4132,0,0,0,-310,0,0,0,353,307,0,0,0,0,0,0,90,100
226798,99,1656,4132,0,0,0,0,0,4132,0,0,0,-310,0,0,0,355,305,0,0,0,0,0,0,90,100
227798,99,1118,4132,0,0,0,0,0,4132,0,0,0,-310,0,0,0,353,309,0,0,0,0,0,0,90,100
228798,99,2361,4132,0,0,0,0,0,4132,0,0,0,-310,0,0,0,353,309,0,0,0,0,0,0,90,100
229798,99,2290,4132,0,0,0,0,0,4132,0,0,0,-310,0,0,0,355,307,0,0,0,0,0,0,90,100
230798,99,1494,4132,0,0,0,0,0,4132,0,0,0,-310,0,0,0,357,303,0,0,0,0,0,0,90,100
231821,99,2272,4132,0,0,0,0,0,4132,0,0,0,-310,0,0,0,361,301,0,0,0,0,0,0,89,100
232798,99,1920,4132,0,0,0,0,0,4132,0,0,0,-310,0,0,0,353,305,0,0,0,0,0,0,90,100
233798,99,80,4132,0,0,0,0,0,4132,0,0,0,-310,0,0,0,355,307,0,0,0,0,0,0,90,100
234798,99,302,4132,0,0,0,0,0,4132,0,0,0,-310,0,0,0,355,305,0,0,0,0,0,0,90,100
235798,99,48,4132,0,0,0,0,0,4132,0,0,0,-310,0,0,0,357,309,0,0,0,0,0,0,90,100
236798,99,35,4132,0,0,0,0,0,4132,0,0,0,-310,0,0,0,357,305,0,0,0,0,0,0,90,100
237798,99,2093,4132,0,0,0,0,0,4132,0,0,0,-310,0,0,0,355,309,0,0,0,0,0,0,89,100
238798,99,958,4132,0,0,0,0,0,4132,0,0,0,-310,0,0,0,357,307,0,0,0,0,0,0,89,100
239798,99,152,4132,0,0,0,0,0,4132,0,0,0,-310,0,0,0,357,307,0,0,0,0,0,0,89,100
240798,99,580,4132,0,0,0,0,0,4132,0,0,0,-310,0,0,0,355,305,0,0,0,0,0,0,89,100
241798,99,50,4132,0,0,0,0,0,4132,0,0,0,-310,0,0,0,357,303,0,0,0,0,0,0,89,100
242798,99,21,4132,0,0,0,0,0,4132,0,0,0,-310,0,0,0,355,307,0,0,0,0,0,0,89,100
243798,99,42,4132,0,0,0,0,0,4132,0,0,0,-310,0,0,0,355,307,0,0,0,0,0,0,89,100
244798,99,1880,4132,0,0,0,0,0,4132,0,0,0,-310,0,0,0,355,309,0,0,0,0,0,0,89,100
245798,99,1384,4132,0,0,0,0,0,4132,0,0,0,-310,0,0,0,355,307,0,0,0,0,0,0,89,100
246798,99,239,4132,0,0,0,0,0,4132,0,0,0,-310,0,0,0,357,307,0,0,0,0,0,0,89,100
247798,99,1346,4132,0,0,0,0,0,4132,0,0,0,-310,0,0,0,355,309,0,0,0,0,0,0,89,100
248798,99,32,4132,0,0,0,0,0,4132,0,0,0,-310,0,0,0,355,307,0,0,0,0,0,0,89,100
249798,99,124,4132,0,0,0,0,0,4132,0,0,0,-310,0,0,0,357,307,0,0,0,0,0,0,89,100
250798,99,129,4132,0,0,0,0,0,4132,0,0,0,-310,0,0,0,355,309,0,0,0,0,0,0,89,100
251798,99,1362,4132,0,0,0,0,0,4132,0,0,0,-310,0,0,0,357,305,0,0,0,0,0,0,89,100
252798,99,1395,4132,0,0,0,0,0,4132,0,0,0,-310,0,0,0,355,307,0,0,0,0,0,0,89,100
253798,99,135,4132,0,0,0,0,0,4132,0,0,0,-310,0,0,0,359,309,0,0,0,0,0,0,88,100
254798,99,1722,4132,0,0,0,0,0,4132,0,0,0,-310,0,0,0,359,305,0,0,0,0,0,0,89,100
255798,99,75,4132,0,0,0,0,0,4132,0,0,0,-310,0,0,0,359,309,0,0,0,0,0,0,89,100
256798,99,58,4132,0,0,0,0,0,4132,0,0,0,-310,0,0,0,359,309,0,0,0,0,0,0,89,100
257798,99,2397,4131,0,0,0,0,0,4131,0,0,0,-310,0,0,0,355,307,0,0,0,0,0,0,89,100
258798,99,1478,4131,0,0,0,0,0,4131,0,0,0,-310,0,0,0,357,309,0,0,0,0,0,0,89,100
259798,99,1502,4132,0,0,0,0,0,4132,0,0,0,-310,0,0,0,357,311,0,0,0,0,0,0,88,100
260798,99,27,4132,0,0,0,0,0,4132,0,0,0,-310,0,0,0,363,309,0,0,0,0,0,0,89,100
261798,99,110,4131,0,0,0,0,0,4131,0,0,0,-310,0,0,0,357,307,0,0,0,0,0,0,88,100
262798,99,27,4131,0,0,0,0,0,4131,0,0,0,-310,0,0,0,359,309,0,0,0,0,0,0,88,100
263798,99,863,4131,0,0,0,0,0,4131,0,0,0,-310,0,0,0,361,311,0,0,0,0,0,0,88,100
264798,99,34,4132,0,0,0,0,0,4132,0,0,0,-310,0,0,0,357,309,0,0,0,0,0,0,88,100
265798,99,1731,4131,0,0,0,0,0,4131,0,0,0,-310,0,0,0,355,307,0,0,0,0,0,0,88,100
266798,99,25,4131,0,0,0,0,0,4131,0,0,0,-310,0,0,0,353,309,0,0,0,0,0,0,88,100
267798,99,334,4131,0,0,0,0,0,4131,0,0,0,-310,0,0,0,357,309,0,0,0,0,0,0,88,100
268798,99,46,4131,0,0,0,0,0,4131,0,0,0,-310,0,0,0,361,311,0,0,0,0,0,0,88,100
269798,99,353,4131,0,0,0,0,0,4131,0,0,0,-310,0,0,0,361,311,0,0,0,0,0,0,88,100
270798,99,2264,4131,0,0,0,0,0,4131,0,0,0,-310,0,0,0,361,309,0,0,0,0,0,0,88,100
271798,99,215,4131,0,0,0,0,0,4131,0,0,0,-310,0,0,0,359,307,0,0,0,0,0,0,88,100
272798,99,710,4131,0,0,0,0,0,4131,0,0,0,-310,0,0,0,359,307,0,0,0,0,0,0,88,100
273798,99,203,4131,0,0,0,0,0,4131,0,0,0,-310,0,0,0,361,311,0,0,0,0,0,0,88,100
274798,99,1798,4131,0,0,0,0,0,4131,0,0,0,-310,0,0,0,357,311,0,0,0,0,0,0,88,100
275798,99,149,4131,0,0,0,0,0,4131,0,0,0,-310,0,0,0,357,311,0,0,0,0,0,0,88,100
276798,99,41,4131,0,0,0,0,0,4131,0,0,0,-310,0,0,0,357,309,0,0,0,0,0,0,88,100
277798,99,2069,4131,0,0,0,0,0,4131,0,0,0,-310,0,0,0,359,307,0,0,0,0,0,0,87,100
278798,99,230,4131,0,0,0,0,0,4131,0,0,0,-310,0,0,0,361,311,0,0,0,0,0,0,88,100
279798,99,1607,4131,0,0,0,0,0,4131,0,0,0,-310,0,0,0,361,311,0,0,0,0,0,0,87,100
280798,99,1830,4131,0,0,0,0,0,4131,0,0,0,-310,0,0,0,363,309,0,0,0,0,0,0,87,100
281798,99,836,4131,0,0,0,0,0,4131,0,0,0,-310,0,0,0,363,309,0,0,0,0,0,0,87,100
282798,99,636,4131,0,0,0,0,0,4131,0,0,0,-310,0,0,0,361,311,0,0,0,0,0,0,87,100
283798,99,49,4131,0,0,0,0,0,4131,0,0,0,-310,0,0,0,357,309,0,0,0,0,0,0,87,100
284798,99,2029,4131,0,0,0,0,0,4131,0,0,0,-310,0,0,0,359,311,0,0,0,0,0,0,87,100
285798,99,2334,4131,0,0,0,0,0,4131,0,0,0,-310,0,0,0,357,311,0,0,0,0,0,0,87,100
286798,99,1562,4131,0,0,0,0,0,4131,0,0,0,-310,0,0,0,359,315,0,0,0,0,0,0,87,100
287798,99,1008,4131,0,0,0,0,0,4131,0,0,0,-310,0,0,0,359,309,0,0,0,0,0,0,87,100
288798,99,131,4131,0,0,0,0,0,4131,0,0,0,-310,0,0,0,359,309,0,0,0,0,0,0,87,100
289798,99,1679,4131,0,0,0,0,0,4131,0,0,0,-310,0,0,0,363,311,0,0,0,0,0,0,87,100
290798,99,46,4131,0,0,0,0,0,4131,0,0,0,-310,0,0,0,359,311,0,0,0,0,0,0,87,100
291798,99,27,4131,0,0,0,0,0,4131,0,0,0,-310,0,0,0,363,315,0,0,0,0,0,0,87,100
292798,99,944,4130,0,0,0,0,0,4130,0,0,0,-310,0,0,0,359,311,0,0,0,0,0,0,87,100
293798,99,529,4131,0,0,0,0,0,4131,0,0,0,-310,0,0,0,357,311,0,0,0,0,0,0,87,100
294798,99,48,4131,0,0,0,0,0,4131,0,0,0,-310,0,0,0,363,313,0,0,0,0,0,0,87,100
295798,99,1574,4130,0,0,0,0,0,4130,0,0,0,-310,0,0,0,365,309,0,0,0,0,0,0,87,100
296798,99,106,4130,0,0,0,0,0,4130,0,0,0,-310,0,0,0,363,313,0,0,0,0,0,0,87,100
297798,99,87,4130,0,0,0,0,0,4130,0,0,0,-310,0,0,0,357,309,0,0,0,0,0,0,87,100
298821,99,63,4130,0,0,0,0,0,4130,0,0,0,-310,0,0,0,359,311,0,0,0,0,0,0,87,100
299805,99,364,4130,0,0,0,0,0,4130,0,0,0,-310,0,0,0,365,313,0,0,0,0,0,0,87,100
300798,99,1589,4130,0,0,0,0,0,4130,0,0,0,-310,0,0,0,361,313,0,0,0,0,0,0,87,100
301798,99,863,4130,0,0,0,0,0,4130,0,0,0,-310,0,0,0,363,313,0,0,0,0,0,0,87,100
302798,99,94,4130,0,0,0,0,0,4130,0,0,0,-310,0,0,0,363,311,0,0,0,0,0,0,86,100
303798,99,943,4130,0,0,0,0,0,4130,0,0,0,-310,0,0,0,361,315,0,0,0,0,0,0,86,100
304798,99,456,4130,0,0,0,0,0,4130,0,0,0,-310,0,0,0,363,311,0,0,0,0,0,0,86,100
305798,99,969,4130,0,0,0,0,0,4130,0,0,0,-310,0,0,0,359,311,0,0,0,0,0,0,86,100
306798,99,1730,4130,0,0,0,0,0,4130,0,0,0,-310,0,0,0,361,313,0,0,0,0,0,0,86,100
307798,99,202,4130,0,0,0,0,0,4130,0,0,0,-310,0,0,0,363,313,0,0,0,0,0,0,86,100
308798,99,34,4130,0,0,0,0,0,4130,0,0,0,-310,0,0,0,365,317,0,0,0,0,0,0,86,100
309798,99,1503,4130,0,0,0,0,0,4130,0,0,0,-310,0,0,0,361,313,0,0,0,0,0,0,86,100
310798,99,922,4130,0,0,0,0,0,4130,0,0,0,-310,0,0,0,363,313,0,0,0,0,0,0,86,100
311798,99,2385,4130,0,0,0,0,0,4130,0,0,0,-310,0,0,0,363,313,0,0,0,0,0,0,86,100
312798,99,1068,4130,0,0,0,0,0,4130,0,0,0,-310,0,0,0,363,315,0,0,0,0,0,0,86,100
313798,99,1958,4130,0,0,0,0,0,4130,0,0,0,-310,0,0,0,361,313,0,0,0,0,0,0,86,100
314798,99,67,4130,0,0,0,0,0,4130,0,0,0,-310,0,0,0,357,311,0,0,0,0,0,0,86,100
315821,99,53,4130,0,0,0,0,0,4130,0,0,0,-310,0,0,0,359,313,0,0,0,0,0,0,86,100
316798,99,2232,4130,0,0,0,0,0,4130,0,0,0,-310,0,0,0,359,311,0,0,0,0,0,0,86,100
317798,99,101,4130,0,0,0,0,0,4130,0,0,0,-310,0,0,0,361,315,0,0,0,0,0,0,86,100
318798,99,22,4130,0,0,0,0,0,4130,0,0,0,-310,0,0,0,359,315,0,0,0,0,0,0,86,100
319798,99,1458,4130,0,0,0,0,0,4130,0,0,0,-310,0,0,0,361,313,0,0,0,0,0,0,86,100
320798,99,1797,4130,0,0,0,0,0,4130,0,0,0,-310,0,0,0,361,313,0,0,0,0,0,0,86,100
321798,99,22,4130,0,0,0,0,0,4130,0,0,0,-310,0,0,0,365,311,0,0,0,0,0,0,85,100
322798,99,112,4130,0,0,0,0,0,4130,0,0,0,-310,0,0,0,363,311,0,0,0,0,0,0,85,100
323798,99,1563,4130,0,0,0,0,0,4130,0,0,0,-310,0,0,0,361,315,0,0,0,0,0,0,86,100
324798,99,1378,4130,0,0,0,0,0,4130,0,0,0,-310,0,0,0,359,315,0,0,0,0,0,0,85,100
325798,99,1282,4130,0,0,0,0,0,4130,0,0,0,-310,0,0,0,359,313,0,0,0,0,0,0,85,100
326798,99,119,4130,0,0,0,0,0,4130,0,0,0,-310,0,0,0,363,313,0,0,0,0,0,0,85,100
327798,99,30,4130,0,0,0,0,0,4130,0,0,0,-310,0,0,0,359,313,0,0,0,0,0,0,85,100
328798,99,525,4130,0,0,0,0,0,4130,0,0,0,-310,0,0,0,361,313,0,0,0,0,0,0,85,100
329798,99,1113,4130,0,0,0,0,0,4130,0,0,0,-310,0,0,0,359,315,0,0,0,0,0,0,85,100
330798,99,1227,4130,0,0,0,0,0,4130,0,0,0,-310,0,0,0,367,311,0,0,0,0,0,0,85,100
331798,99,1634,4130,0,0,0,0,0,4130,0,0,0,-310,0,0,0,363,317,0,0,0,0,0,0,85,100
332798,99,65,4130,0,0,0,0,0,4130,0,0,0,-310,0,0,0,363,319,0,0,0,0,0,0,85,100
333798,99,26,4130,0,0,0,0,0,4130,0,0,0,-310,0,0,0,363,313,0,0,0,0,0,0,85,100
334798,99,533,4129,0,0,0,0,0,4129,0,0,0,-310,0,0,0,363,313,0,0,0,0,0,0,85,100
335798,99,292,4130,0,0,0,0,0,4130,0,0,0,-310,0,0,0,363,317,0,0,0,0,0,0,85,100
336798,99,120,4129,0,0,0,0,0,4129,0,0,0,-310,0,0,0,363,317,0,0,0,0,0,0,85,100
337798,99,260,4130,0,0,0,0,0,4130,0,0,0,-310,0,0,0,361,315,0,0,0,0,0,0,85,100
338805,99,90,4130,0,0,0,0,0,4130,0,0,0,-310,0,0,0,365,315,0,0,0,0,0,0,85,100
339798,99,39,4129,0,0,0,0,0,4129,0,0,0,-310,0,0,0,365,311,0,0,0,0,0,0,85,100
340798,99,1612,4129,0,0,0,0,0,4129,0,0,0,-310,0,0,0,361,315,0,0,0,0,0,0,85,100
341798,99,1543,4129,0,0,0,0,0,4129,0,0,0,-310,0,0,0,363,317,0,0,0,0,0,0,85,100
342798,99,1230,4129,0,0,0,0,0,4129,0,0,0,-310,0,0,0,361,317,0,0,0,0,0,0,85,100
343798,99,2503,4129,0,0,0,0,0,4129,0,0,0,-310,0,0,0,363,315,0,0,0,0,0,0,85,100
344798,99,2291,4129,0,0,0,0,0,4129,0,0,0,-310,0,0,0,365,313,0,0,0,0,0,0,84,100
345798,99,156,4129,0,0,0,0,0,4129,0,0,0,-310,0,0,0,363,315,0,0,0,0,0,0,84,100
346798,99,22,4129,0,0,0,0,0,4129,0,0,0,-310,0,0,0,365,311,0,0,0,0,0,0,84,100
347798,99,495,4129,0,0,0,0,0,4129,0,0,0,-310,0,0,0,361,313,0,0,0,0,0,0,84,100
348798,99,106,4129,0,0,0,0,0,4129,0,0,0,-310,0,0,0,365,315,0,0,0,0,0,0,84,100
349821,99,2287,4129,0,0,0,0,0,4129,0,0,0,-310,0,0,0,363,317,0,0,0,0,0,0,84,100
350798,99,1396,4129,0,0,0,0,0,4129,0,0,0,-310,0,0,0,361,317,0,0,0,0,0,0,84,100
351798,99,2488,4129,0,0,0,0,0,4129,0,0,0,-310,0,0,0,365,319,0,0,0,0,0,0,84,100
352798,99,61,4129,0,0,0,0,0,4129,0,0,0,-310,0,0,0,367,317,0,0,0,0,0,0,84,100
353798,99,28,4129,0,0,0,0,0,4129,0,0,0,-310,0,0,0,365,319,0,0,0,0,0,0,84,100
354798,99,483,4129,0,0,0,0,0,4129,0,0,0,-310,0,0,0,363,311,0,0,0,0,0,0,84,100
355798,99,2365,4129,0,0,0,0,0,4129,0,0,0,-310,0,0,0,361,315,0,0,0,0,0,0,84,100
356798,99,1374,4129,0,0,0,0,0,4129,0,0,0,-310,0,0,0,367,315,0,0,0,0,0,0,84,100
357798,99,27,4129,0,0,0,0,0,4129,0,0,0,-310,0,0,0,361,313,0,0,0,0,0,0,84,100
358798,99,997,4129,0,0,0,0,0,4129,0,0,0,-310,0,0,0,363,315,0,0,0,0,0,0,84,100
359821,99,252,4129,0,0,0,0,0,4129,0,0,0,-310,0,0,0,365,315,0,0,0,0,0,0,84,100
360798,99,1450,4129,0,0,0,0,0,4129,0,0,0,-310,0,0,0,367,317,0,0,0,0,0,0,84,100
361798,99,1741,4129,0,0,0,0,0,4129,0,0,0,-310,0,0,0,367,315,0,0,0,0,0,0,84,100
362798,99,27,4129,0,0,0,0,0,4129,0,0,0,-310,0,0,0,367,311,0,0,0,0,0,0,84,100
363798,99,2536,4129,0,0,0,0,0,4129,0,0,0,-310,0,0,0,365,315,0,0,0,0,0,0,84,100
364821,99,2453,4129,0,0,0,0,0,4129,0,0,0,-310,0,0,0,365,313,0,0,0,0,0,0,84,100
365798,99,248,4129,0,0,0,0,0,4129,0,0,0,-310,0,0,0,367,315,0,0,0,0,0,0,84,100
366798,99,26,4129,0,0,0,0,0,4129,0,0,0,-310,0,0,0,365,315,0,0,0,0,0,0,84,100
367798,99,763,4129,0,0,0,0,0,4129,0,0,0,-310,0,0,0,365,315,0,0,0,0,0,0,84,100
368798,99,56,4129,0,0,0,0,0,4129,0,0,0,-310,0,0,0,367,313,0,0,0,0,0,0,84,100
369798,99,1943,4129,0,0,0,0,0,4129,0,0,0,-310,0,0,0,365,315,0,0,0,0,0,0,83,100
370798,99,754,4129,0,0,0,0,0,4129,0,0,0,-310,0,0,0,363,313,0,0,0,0,0,0,84,100
371798,99,54,4129,0,0,0,0,0,4129,0,0,0,-310,0,0,0,365,315,0,0,0,0,0,0,84,100
372798,99,95,4129,0,0,0,0,0,4129,0,0,0,-310,0,0,0,367,313,0,0,0,0,0,0,84,100
373798,99,1297,4129,0,0,0,0,0,4129,0,0,0,-310,0,0,0,365,315,0,0,0,0,0,0,83,100
374795,99,1529,4128,0,0,0,0,0,4128,0,0,0,-310,0,0,0,367,317,0,0,0,0,0,0,83,100
375798,99,119,4128,0,0,0,0,0,4128,0,0,0,-310,0,0,0,365,313,0,0,0,0,0,0,83,100
376798,99,131,4129,0,0,0,0,0,4129,0,0,0,-310,0,0,0,363,315,0,0,0,0,0,0,83,100
377798,99,109,4129,0,0,0,0,0,4129,0,0,0,-310,0,0,0,365,315,0,0,0,0,0,0,83,100
378798,99,2397,4128,0,0,0,0,0,4128,0,0,0,-310,0,0,0,365,315,0,0,0,0,0,0,83,100
379798,99,2044,4129,0,0,0,0,0,4129,0,0,0,-310,0,0,0,365,319,0,0,0,0,0,0,83,100
380798,99,1472,4128,0,0,0,0,0,4128,0,0,0,-310,0,0,0,367,313,0,0,0,0,0,0,83,100
381798,99,728,4128,0,0,0,0,0,4128,0,0,0,-310,0,0,0,367,317,0,0,0,0,0,0,83,100
382798,99,56,4129,0,0,0,0,0,4129,0,0,0,-310,0,0,0,371,311,0,0,0,0,0,0,83,100
383798,99,99,4128,0,0,0,0,0,4128,0,0,0,-310,0,0,0,369,315,0,0,0,0,0,0,83,100
384798,99,142,4128,0,0,0,0,0,4128,0,0,0,-310,0,0,0,369,315,0,0,0,0,0,0,83,100
385798,99,55,4128,0,0,0,0,0,4128,0,0,0,-310,0,0,0,367,317,0,0,0,0,0,0,83,100
386798,99,1322,4128,0,0,0,0,0,4128,0,0,0,-310,0,0,0,367,319,0,0,0,0,0,0,83,100
387798,99,44,4128,0,0,0,0,0,4128,0,0,0,-310,0,0,0,363,315,0,0,0,0,0,0,83,100
388798,99,1428,4128,0,0,0,0,0,4128,0,0,0,-310,0,0,0,369,317,0,0,0,0,0,0,83,100
389798,99,375,4128,0,0,0,0,0,4128,0,0,0,-310,0,0,0,369,317,0,0,0,0,0,0,83,100
390798,99,2387,4128,0,0,0,0,0,4128,0,0,0,-310,0,0,0,365,317,0,0,0,0,0,0,83,100
391798,99,342,4128,0,0,0,0,0,4128,0,0,0,-310,0,0,0,367,319,0,0,0,0,0,0,83,100
392798,99,927,4128,0,0,0,0,0,4128,0,0,0,-310,0,0,0,367,319,0,0,0,0,0,0,83,100
393798,99,31,4128,0,0,0,0,0,4128,0,0,0,-310,0,0,0,365,315,0,0,0,0,0,0,83,100
394821,99,2396,4128,0,0,0,0,0,4128,0,0,0,-310,0,0,0,365,319,0,0,0,0,0,0,83,100
395798,99,1330,4128,0,0,0,0,0,4128,0,0,0,-310,0,0,0,367,317,0,0,0,0,0,0,83,100
396798,99,133,4128,0,0,0,0,0,4128,0,0,0,-310,0,0,0,363,317,0,0,0,0,0,0,82,100
397798,99,2374,4128,0,0,0,0,0,4128,0,0,0,-310,0,0,0,365,319,0,0,0,0,0,0,83,100
398798,99,459,4128,0,0,0,0,0,4128,0,0,0,-310,0,0,0,369,317,0,0,0,0,0,0,82,100
399798,99,240,4128,0,0,0,0,0,4128,0,0,0,-310,0,0,0,367,315,0,0,0,0,0,0,83,100
400798,99,527,4128,0,0,0,0,0,4128,0,0,0,-310,0,0,0,363,319,0,0,0,0,0,0,82,100
401798,99,236,4128,0,0,0,0,0,4128,0,0,0,-310,0,0,0,369,315,0,0,0,0,0,0,82,100
402798,99,29,4128,0,0,0,0,0,4128,0,0,0,-310,0,0,0,365,315,0,0,0,0,0,0,82,100
403798,99,38,4128,0,0,0,0,0,4128,0,0,0,-310,0,0,0,365,317,0,0,0,0,0,0,82,100
404798,99,2484,4128,0,0,0,0,0,4128,0,0,0,-310,0,0,0,367,319,0,0,0,0,0,0,82,100
405798,99,1335,4128,0,0,0,0,0,4128,0,0,0,-310,0,0,0,367,321,0,0,0,0,0,0,82,100
406805,99,1864,4128,0,0,0,0,0,4128,0,0,0,-310,0,0,0,365,321,0,0,0,0,0,0,82,100
407798,99,934,4128,0,0,0,0,0,4128,0,0,0,-310,0,0,0,365,317,0,0,0,0,0,0,82,100
408798,99,1637,4128,0,0,0,0,0,4128,0,0,0,-310,0,0,0,367,317,0,0,0,0,0,0,82,100
409798,99,32,4128,0,0,0,0,0,4128,0,0,0,-310,0,0,0,365,317,0,0,0,0,0,0,82,100
410798,99,1443,4128,0,0,0,0,0,4128,0,0,0,-310,0,0,0,367,319,0,0,0,0,0,0,82,100
411798,99,2064,4128,0,0,0,0,0,4128,0,0,0,-310,0,0,0,367,319,0,0,0,0,0,0,82,100
412798,99,2169,4128,0,0,0,0,0,4128,0,0,0,-310,0,0,0,367,321,0,0,0,0,0,0,82,100
413798,99,793,4128,0,0,0,0,0,4128,0,0,0,-310,0,0,0,369,319,0,0,0,0,0,0,82,100
414798,99,1096,4128,0,0,0,0,0,4128,0,0,0,-310,0,0,0,367,319,0,0,0,0,0,0,81,100
415798,99,1280,4128,0,0,0,0,0,4128,0,0,0,-310,0,0,0,367,315,0,0,0,0,0,0,81,100
416798,99,218,4128,0,0,0,0,0,4128,0,0,0,-310,0,0,0,367,319,0,0,0,0,0,0,82,100
417821,99,583,4128,0,0,0,0,0,4128,0,0,0,-310,0,0,0,367,319,0,0,0,0,0,0,82,100
418798,99,1998,4128,0,0,0,0,0,4128,0,0,0,-310,0,0,0,365,319,0,0,0,0,0,0,81,100
419798,99,222,4128,0,0,0,0,0,4128,0,0,0,-310,0,0,0,367,319,0,0,0,0,0,0,81,100
420798,99,111,4128,0,0,0,0,0,4128,0,0,0,-310,0,0,0,367,321,0,0,0,0,0,0,81,100
421795,99,448,4128,0,0,0,0,0,4128,0,0,0,-310,0,0,0,365,319,0,0,0,0,0,0,81,100
422798,99,1857,4128,0,0,0,0,0,4128,0,0,0,-310,0,0,0,365,317,0,0,0,0,0,0,81,100
423821,99,2036,4128,0,0,0,0,0,4128,0,0,0,-310,0,0,0,365,315,0,0,0,0,0,0,81,100
424798,99,24,4128,0,0,0,0,0,4128,0,0,0,-310,0,0,0,365,317,0,0,0,0,0,0,81,100
425798,99,2163,4128,0,0,0,0,0,4128,0,0,0,-310,0,0,0,367,317,0,0,0,0,0,0,81,100
426798,99,243,4128,0,0,0,0,0,4128,0,0,0,-310,0,0,0,365,319,0,0,0,0,0,0,81,100
427821,99,681,4128,0,0,0,0,0,4128,0,0,0,-310,0,0,0,365,319,0,0,0,0,0,0,81,100
428798,99,971,4128,0,0,0,0,0,4128,0,0,0,-310,0,0,0,369,319,0,0,0,0,0,0,81,100
429798,99,273,4128,0,0,0,0,0,4128,0,0,0,-310,0,0,0,365,321,0,0,0,0,0,0,81,100
430798,99,409,4127,0,0,0,0,0,4127,0,0,0,-310,0,0,0,365,319,0,0,0,0,0,0,81,100
431798,99,1819,4128,0,0,0,0,0,4128,0,0,0,-310,0,0,0,367,317,0,0,0,0,0,0,81,100
432798,99,1654,4127,0,0,0,0,0,4127,0,0,0,-310,0,0,0,369,315,0,0,0,0,0,0,81,100
433821,99,1081,4127,0,0,0,0,0,4127,0,0,0,-310,0,0,0,367,321,0,0,0,0,0,0,81,100
434798,99,293,4127,0,0,0,0,0,4127,0,0,0,-310,0,0,0,365,321,0,0,0,0,0,0,81,100
435798,99,1469,4128,0,0,0,0,0,4128,0,0,0,-310,0,0,0,367,317,0,0,0,0,0,0,81,100
436798,99,366,4127,0,0,0,0,0,4127,0,0,0,-310,0,0,0,365,321,0,0,0,0,0,0,81,100
437798,99,560,4127,0,0,0,0,0,4127,0,0,0,-310,0,0,0,363,317,0,0,0,0,0,0,81,100
438821,99,836,4127,0,0,0,0,0,4127,0,0,0,-310,0,0,0,367,319,0,0,0,0,0,0,81,100
439798,99,91,4127,0,0,0,0,0,4127,0,0,0,-310,0,0,0,367,317,0,0,0,0,0,0,81,100
440798,99,57,4127,0,0,0,0,0,4127,0,0,0,-310,0,0,0,369,317,0,0,0,0,0,0,81,100
441798,99,38,4127,0,0,0,0,0,4127,0,0,0,-310,0,0,0,367,323,0,0,0,0,0,0,81,100
442798,99,1674,4127,0,0,0,0,0,4127,0,0,0,-310,0,0,0,365,319,0,0,0,0,0,0,81,100
443798,99,275,4127,0,0,0,0,0,4127,0,0,0,-310,0,0,0,363,319,0,0,0,0,0,0,80,100
444798,99,1056,4127,0,0,0,0,0,4127,0,0,0,-310,0,0,0,365,317,0,0,0,0,0,0,81,100
445798,99,1399,4127,0,0,0,0,0,4127,0,0,0,-310,0,0,0,363,323,0,0,0,0,0,0,80,100
446798,99,171,4127,0,0,0,0,0,4127,0,0,0,-310,0,0,0,369,319,0,0,0,0,0,0,80,100
447798,99,163,4127,0,0,0,0,0,4127,0,0,0,-310,0,0,0,367,321,0,0,0,0,0,0,80,100
448798,99,358,4127,0,0,0,0,0,4127,0,0,0,-310,0,0,0,365,319,0,0,0,0,0,0,80,100
449798,99,2409,4127,0,0,0,0,0,4127,0,0,0,-310,0,0,0,363,321,0,0,0,0,0,0,80,100
450798,99,442,4127,0,0,0,0,0,4127,0,0,0,-310,0,0,0,369,321,0,0,0,0,0,0,80,100
451798,99,1697,4127,0,0,0,0,0,4127,0,0,0,-310,0,0,0,369,317,0,0,0,0,0,0,80,100
452798,99,1259,4127,0,0,0,0,0,4127,0,0,0,-310,0,0,0,367,319,0,0,0,0,0,0,80,100
453798,99,91,4127,0,0,0,0,0,4127,0,0,0,-310,0,0,0,369,319,0,0,0,0,0,0,80,100
454798,99,1337,4127,0,0,0,0,0,4127,0,0,0,-310,0,0,0,363,319,0,0,0,0,0,0,80,100
455798,99,1402,4127,0,0,0,0,0,4127,0,0,0,-310,0,0,0,367,315,0,0,0,0,0,0,80,100
456798,99,180,4127,0,0,0,0,0,4127,0,0,0,-310,0,0,0,365,317,0,0,0,0,0,0,80,100
457798,99,2509,4127,0,0,0,0,0,4127,0,0,0,-310,0,0,0,365,319,0,0,0,0,0,0,80,100
458798,99,1449,4127,0,0,0,0,0,4127,0,0,0,-310,0,0,0,365,317,0,0,0,0,0,0,80,100
459798,99,172,4127,0,0,0,0,0,4127,0,0,0,-310,0,0,0,363,319,0,0,0,0,0,0,80,100
460798,99,35,4127,0,0,0,0,0,4127,0,0,0,-310,0,0,0,365,317,0,0,0,0,0,0,80,100
461798,99,2426,4127,0,0,0,0,0,4127,0,0,0,-310,0,0,0,365,319,0,0,0,0,0,0,80,100
462795,99,2469,4127,0,0,0,0,0,4127,0,0,0,-310,0,0,0,369,321,0,0,0,0,0,0,79,100
463798,99,524,4127,0,0,0,0,0,4127,0,0,0,-310,0,0,0,363,321,0,0,0,0,0,0,79,100
464798,99,701,4127,0,0,0,0,0,4127,0,0,0,-310,0,0,0,369,323,0,0,0,0,0,0,79,100
465798,99,1786,4127,0,0,0,0,0,4127,0,0,0,-310,0,0,0,367,319,0,0,0,0,0,0,80,100
466798,99,2457,4127,0,0,0,0,0,4127,0,0,0,-310,0,0,0,367,319,0,0,0,0,0,0,79,100
467798,99,600,4127,0,0,0,0,0,4127,0,0,0,-310,0,0,0,365,319,0,0,0,0,0,0,79,100
468798,99,46,4127,0,0,0,0,0,4127,0,0,0,-310,0,0,0,365,317,0,0,0,0,0,0,79,100
469798,99,34,4127,0,0,0,0,0,4127,0,0,0,-310,0,0,0,367,317,0,0,0,0,0,0,79,100
470821,99,2382,4127,0,0,0,0,0,4127,0,0,0,-310,0,0,0,363,317,0,0,0,0,0,0,79,100
471798,99,2273,4127,0,0,0,0,0,4127,0,0,0,-310,0,0,0,363,321,0,0,0,0,0,0,79,100
472798,99,126,4127,0,0,0,0,0,4127,0,0,0,-310,0,0,0,363,319,0,0,0,0,0,0,79,100
473798,99,1123,4127,0,0,0,0,0,4127,0,0,0,-310,0,0,0,365,323,0,0,0,0,0,0,79,100
474798,99,86,4127,0,0,0,0,0,4127,0,0,0,-310,0,0,0,369,319,0,0,0,0,0,0,79,100
475798,99,745,4127,0,0,0,0,0,4127,0,0,0,-310,0,0,0,363,321,0,0,0,0,0,0,79,100
476798,99,991,4127,0,0,0,0,0,4127,0,0,0,-310,0,0,0,369,319,0,0,0,0,0,0,79,100
477821,99,1914,4127,0,0,0,0,0,4127,0,0,0,-310,0,0,0,365,319,0,0,0,0,0,0,79,100
478798,99,176,4127,0,0,0,0,0,4127,0,0,0,-310,0,0,0,367,319,0,0,0,0,0,0,79,100
479798,99,34,4127,0,0,0,0,0,4127,0,0,0,-310,0,0,0,363,319,0,0,0,0,0,0,79,100
480798,99,2082,4127,0,0,0,0,0,4127,0,0,0,-310,0,0,0,365,319,0,0,0,0,0,0,79,100
481798,99,608,4127,0,0,0,0,0,4127,0,0,0,-310,0,0,0,363,321,0,0,0,0,0,0,79,100
482798,99,1610,4127,0,0,0,0,0,4127,0,0,0,-310,0,0,0,363,313,0,0,0,0,0,0,79,100
483798,99,2340,4127,0,0,0,0,0,4127,0,0,0,-310,0,0,0,363,319,0,0,0,0,0,0,79,100
484798,99,705,4127,0,0,0,0,0,4127,0,0,0,-310,0,0,0,363,319,0,0,0,0,0,0,79,100
485798,99,163,4127,0,0,0,0,0,4127,0,0,0,-310,0,0,0,367,319,0,0,0,0,0,0,79,100
486798,99,2024,4127,0,0,0,0,0,4127,0,0,0,-310,0,0,0,363,319,0,0,0,0,0,0,78,100
487798,99,23,4127,0,0,0,0,0,4127,0,0,0,-310,0,0,0,361,323,0,0,0,0,0,0,79,100
488798,99,45,4127,0,0,0,0,0,4127,0,0,0,-310,0,0,0,367,317,0,0,0,0,0,0,79,100
489798,99,2292,4127,0,0,0,0,0,4127,0,0,0,-310,0,0,0,367,319,0,0,0,0,0,0,78,100
490798,99,2274,4127,0,0,0,0,0,4127,0,0,0,-310,0,0,0,365,319,0,0,0,0,0,0,78,100
491798,99,358,4126,0,0,0,0,0,4126,0,0,0,-310,0,0,0,363,319,0,0,0,0,0,0,78,100
492798,99,1256,4127,0,0,0,0,0,4127,0,0,0,-310,0,0,0,363,317,0,0,0,0,0,0,78,100
493798,99,30,4127,0,0,0,0,0,4127,0,0,0,-310,0,0,0,361,323,0,0,0,0,0,0,78,100
494798,99,2276,4127,0,0,0,0,0,4127,0,0,0,-310,0,0,0,363,321,0,0,0,0,0,0,78,100
495798,99,58,4126,0,0,0,0,0,4126,0,0,0,-310,0,0,0,363,319,0,0,0,0,0,0,78,100
496798,99,488,4127,0,0,0,0,0,4127,0,0,0,-310,0,0,0,361,317,0,0,0,0,0,0,78,100
497798,99,356,4126,0,0,0,0,0,4126,0,0,0,-310,0,0,0,365,319,0,0,0,0,0,0,78,100
498798,99,1584,4126,0,0,0,0,0,4126,0,0,0,-310,0,0,0,365,319,0,0,0,0,0,0,78,100
499798,99,44,4127,0,0,0,0,0,4127,0,0,0,-310,0,0,0,363,317,0,0,0,0,0,0,78,100
500798,99,671,4126,0,0,0,0,0,4126,0,0,0,-310,0,0,0,365,321,0,0,0,0,0,0,78,100
501798,99,106,4126,0,0,0,0,0,4126,0,0,0,-310,0,0,0,363,321,0,0,0,0,0,0,78,100
502798,99,159,4126,0,0,0,0,0,4126,0,0,0,-310,0,0,0,361,323,0,0,0,0,0,0,78,100
503798,99,25,4126,0,0,0,0,0,4126,0,0,0,-310,0,0,0,363,321,0,0,0,0,0,0,78,100
504795,99,2160,4126,0,0,0,0,0,4126,0,0,0,-310,0,0,0,365,317,0,0,0,0,0,0,77,100
505798,99,1011,4126,0,0,0,0,0,4126,0,0,0,-310,0,0,0,365,319,0,0,0,0,0,0,78,100
506798,99,262,4126,0,0,0,0,0,4126,0,0,0,-310,0,0,0,359,319,0,0,0,0,0,0,78,100
507795,99,1655,4126,0,0,0,0,0,4126,0,0,0,-310,0,0,0,365,319,0,0,0,0,0,0,78,100
508798,99,1622,4126,0,0,0,0,0,4126,0,0,0,-310,0,0,0,363,323,0,0,0,0,0,0,78,100
509798,99,1566,4126,0,0,0,0,0,4126,0,0,0,-310,0,0,0,363,325,0,0,0,0,0,0,77,100
510798,99,867,4126,0,0,0,0,0,4126,0,0,0,-310,0,0,0,363,319,0,0,0,0,0,0,77,100
511798,99,92,4126,0,0,0,0,0,4126,0,0,0,-310,0,0,0,361,319,0,0,0,0,0,0,77,100
512798,99,30,4126,0,0,0,0,0,4126,0,0,0,-310,0,0,0,363,319,0,0,0,0,0,0,78,100
513798,99,49,4126,0,0,0,0,0,4126,0,0,0,-310,0,0,0,363,319,0,0,0,0,0,0,77,100
514798,99,48,4126,0,0,0,0,0,4126,0,0,0,-310,0,0,0,363,319,0,0,0,0,0,0,77,100
515798,99,267,4126,0,0,0,0,0,4126,0,0,0,-310,0,0,0,365,321,0,0,0,0,0,0,78,100
516798,99,223,4126,0,0,0,0,0,4126,0,0,0,-310,0,0,0,363,325,0,0,0,0,0,0,77,100
517798,99,1600,4126,0,0,0,0,0,4126,0,0,0,-310,0,0,0,367,319,0,0,0,0,0,0,77,100
518798,99,1838,4126,0,0,0,0,0,4126,0,0,0,-310,0,0,0,365,319,0,0,0,0,0,0,77,100
519821,99,81,4126,0,0,0,0,0,4126,0,0,0,-310,0,0,0,365,323,0,0,0,0,0,0,77,100
520798,99,1288,4126,0,0,0,0,0,4126,0,0,0,-310,0,0,0,363,321,0,0,0,0,0,0,77,100
521798,99,1691,4126,0,0,0,0,0,4126,0,0,0,-310,0,0,0,361,319,0,0,0,0,0,0,77,100
522795,99,861,4126,0,0,0,0,0,4126,0,0,0,-310,0,0,0,365,319,0,0,0,0,0,0,77,100
523798,99,1926,4126,0,0,0,0,0,4126,0,0,0,-310,0,0,0,365,321,0,0,0,0,0,0,77,100
524798,99,2224,4126,0,0,0,0,0,4126,0,0,0,-310,0,0,0,361,319,0,0,0,0,0,0,77,100
525798,99,1253,4126,0,0,0,0,0,4126,0,0,0,-310,0,0,0,363,317,0,0,0,0,0,0,77,100
526798,99,150,4126,0,0,0,0,0,4126,0,0,0,-310,0,0,0,361,319,0,0,0,0,0,0,95,100
527798,99,63,4126,0,0,0,0,0,4126,0,0,0,-310,0,0,0,361,323,0,0,0,0,0,0,80,100
528798,99,742,4126,0,0,0,0,0,4126,0,0,0,-310,0,0,0,365,323,0,0,0,0,0,0,77,100
529798,99,1055,4126,0,0,0,0,0,4126,0,0,0,-310,0,0,0,357,317,0,0,0,0,0,0,77,100
530798,99,534,4126,0,0,0,0,0,4126,0,0,0,-310,0,0,0,363,321,0,0,0,0,0,0,77,100
531798,99,966,4126,0,0,0,0,0,4126,0,0,0,-310,0,0,0,365,319,0,0,0,0,0,0,77,100
532798,99,103,4126,0,0,0,0,0,4126,0,0,0,-310,0,0,0,361,321,0,0,0,0,0,0,77,100
533798,99,1498,4126,0,0,0,0,0,4126,0,0,0,-310,0,0,0,363,321,0,0,0,0,0,0,77,100
534798,99,65,4126,0,0,0,0,0,4126,0,0,0,-310,0,0,0,365,319,0,0,0,0,0,0,77,100
535798,99,1430,4126,0,0,0,0,0,4126,0,0,0,-310,0,0,0,363,321,0,0,0,0,0,0,77,100
536798,99,208,4126,0,0,0,0,0,4126,0,0,0,-310,0,0,0,361,321,0,0,0,0,0,0,77,100
537798,99,918,4126,0,0,0,0,0,4126,0,0,0,-310,0,0,0,363,321,0,0,0,0,0,0,77,100
538798,99,1229,4126,0,0,0,0,0,4126,0,0,0,-310,0,0,0,363,323,0,0,0,0,0,0,77,100
539798,99,1236,4126,0,0,0,0,0,4126,0,0,0,-310,0,0,0,359,321,0,0,0,0,0,0,76,100
540798,99,185,4126,0,0,0,0,0,4126,0,0,0,-310,0,0,0,359,319,0,0,0,0,0,0,77,100
541798,99,1383,4126,0,0,0,0,0,4126,0,0,0,-310,0,0,0,363,323,0,0,0,0,0,0,77,100
542798,99,1067,4126,0,0,0,0,0,4126,0,0,0,-310,0,0,0,363,321,0,0,0,0,0,0,77,100
543798,99,2044,4126,0,0,0,0,0,4126,0,0,0,-310,0,0,0,363,321,0,0,0,0,0,0,76,100
544798,99,31,4126,0,0,0,0,0,4126,0,0,0,-310,0,0,0,361,319,0,0,0,0,0,0,77,100
545798,99,193,4126,0,0,0,0,0,4126,0,0,0,-310,0,0,0,361,323,0,0,0,0,0,0,76,100
546798,99,1495,4126,0,0,0,0,0,4126,0,0,0,-310,0,0,0,361,319,0,0,0,0,0,0,76,100
547798,99,1502,4126,0,0,0,0,0,4126,0,0,0,-310,0,0,0,361,317,0,0,0,0,0,0,76,100
548821,99,326,4126,0,0,0,0,0,4126,0,0,0,-310,0,0,0,363,321,0,0,0,0,0,0,76,100
549798,99,92,4126,0,0,0,0,0,4126,0,0,0,-310,0,0,0,365,319,0,0,0,0,0,0,76,100
550821,99,833,4126,0,0,0,0,0,4126,0,0,0,-310,0,0,0,359,319,0,0,0,0,0,0,76,100
551821,99,26,4126,0,0,0,0,0,4126,0,0,0,-310,0,0,0,363,317,0,0,0,0,0,0,76,100
552798,99,1719,4126,0,0,0,0,0,4126,0,0,0,-310,0,0,0,359,319,0,0,0,0,0,0,76,100
553821,99,2395,4126,0,0,0,0,0,4126,0,0,0,-310,0,0,0,363,319,0,0,0,0,0,0,76,100
554795,99,2351,4126,0,0,0,0,0,4126,0,0,0,-310,0,0,0,363,317,0,0,0,0,0,0,76,100
555798,99,1344,4126,0,0,0,0,0,4126,0,0,0,-310,0,0,0,363,321,0,0,0,0,0,0,76,100
556798,99,432,4126,0,0,0,0,0,4126,0,0,0,-310,0,0,0,361,323,0,0,0,0,0,0,76,100
557798,99,1672,4126,0,0,0,0,0,4126,0,0,0,-310,0,0,0,359,317,0,0,0,0,0,0,76,100
558798,99,42,4126,0,0,0,0,0,4126,0,0,0,-310,0,0,0,363,321,0,0,0,0,0,0,76,100
559798,99,1131,4126,0,0,0,0,0,4126,0,0,0,-310,0,0,0,361,319,0,0,0,0,0,0,76,100
560798,99,138,4126,0,0,0,0,0,4126,0,0,0,-310,0,0,0,361,317,0,0,0,0,0,0,76,100
561821,99,2160,4126,0,0,0,0,0,4126,0,0,0,-310,0,0,0,363,317,0,0,0,0,0,0,76,100
562798,99,71,4126,0,0,0,0,0,4126,0,0,0,-310,0,0,0,359,317,0,0,0,0,0,0,76,100
563798,99,670,4126,0,0,0,0,0,4126,0,0,0,-310,0,0,0,363,323,0,0,0,0,0,0,76,100
564798,99,41,4126,0,0,0,0,0,4126,0,0,0,-310,0,0,0,363,315,0,0,0,0,0,0,76,100
565798,99,84,4126,0,0,0,0,0,4126,0,0,0,-310,0,0,0,359,321,0,0,0,0,0,0,76,100
566798,99,882,4126,0,0,0,0,0,4126,0,0,0,-310,0,0,0,361,325,0,0,0,0,0,0,76,100
567798,99,1326,4126,0,0,0,0,0,4126,0,0,0,-310,0,0,0,359,321,0,0,0,0,0,0,75,100
568798,99,41,4126,0,0,0,0,0,4126,0,0,0,-310,0,0,0,363,321,0,0,0,0,0,0,76,100
569798,99,22,4126,0,0,0,0,0,4126,0,0,0,-310,0,0,0,359,319,0,0,0,0,0,0,75,100
570798,99,2165,4126,0,0,0,0,0,4126,0,0,0,-310,0,0,0,361,321,0,0,0,0,0,0,75,100
571798,99,190,4126,0,0,0,0,0,4126,0,0,0,-310,0,0,0,357,319,0,0,0,0,0,0,75,100
572798,99,342,4126,0,0,0,0,0,4126,0,0,0,-310,0,0,0,359,321,0,0,0,0,0,0,95,100
573821,99,41,4126,0,0,0,0,0,4126,0,0,0,-310,0,0,0,357,321,0,0,0,0,0,0,75,100
574821,99,1234,4126,0,0,0,0,0,4126,0,0,0,-310,0,0,0,359,321,0,0,0,0,0,0,75,100
575798,99,22,4126,0,0,0,0,0,4126,0,0,0,-310,0,0,0,357,321,0,0,0,0,0,0,75,100
576798,99,877,4126,0,0,0,0,0,4126,0,0,0,-310,0,0,0,359,317,0,0,0,0,0,0,75,100
577798,99,1537,4126,0,0,0,0,0,4126,0,0,0,-310,0,0,0,359,319,0,0,0,0,0,0,75,100
578798,99,1961,4125,0,0,0,0,0,4125,0,0,0,-310,0,0,0,361,317,0,0,0,0,0,0,75,100
579798,99,2378,4126,0,0,0,0,0,4126,0,0,0,-310,0,0,0,363,319,0,0,0,0,0,0,75,100
580821,99,230,4125,0,0,0,0,0,4125,0,0,0,-310,0,0,0,357,323,0,0,0,0,0,0,75,100
581821,99,289,4126,0,0,0,0,0,4126,0,0,0,-310,0,0,0,359,321,0,0,0,0,0,0,75,100
582798,99,1825,4126,0,0,0,0,0,4126,0,0,0,-310,0,0,0,355,319,0,0,0,0,0,0,75,100
583798,99,1987,4125,0,0,0,0,0,4125,0,0,0,-310,0,0,0,361,321,0,0,0,0,0,0,75,100
584798,99,727,4126,0,0,0,0,0,4126,0,0,0,-310,0,0,0,357,321,0,0,0,0,0,0,75,100
585798,99,519,4126,0,0,0,0,0,4126,0,0,0,-310,0,0,0,359,321,0,0,0,0,0,0,75,100
586798,99,579,4126,0,0,0,0,0,4126,0,0,0,-310,0,0,0,359,321,0,0,0,0,0,0,75,100
587798,99,971,4126,0,0,0,0,0,4126,0,0,0,-310,0,0,0,361,319,0,0,0,0,0,0,75,100
588798,99,1641,4126,0,0,0,0,0,4126,0,0,0,-310,0,0,0,359,321,0,0,0,0,0,0,75,100
589798,99,1203,4125,0,0,0,0,0,4125,0,0,0,-310,0,0,0,359,321,0,0,0,0,0,0,75,100
590798,99,187,4126,0,0,0,0,0,4126,0,0,0,-310,0,0,0,361,317,0,0,0,0,0,0,75,100
591798,99,87,4125,0,0,0,0,0,4125,0,0,0,-310,0,0,0,357,319,0,0,0,0,0,0,75,100
592798,99,27,4126,0,0,0,0,0,4126,0,0,0,-310,0,0,0,361,321,0,0,0,0,0,0,75,100
593798,99,43,4126,0,0,0,0,0,4126,0,0,0,-310,0,0,0,355,317,0,0,0,0,0,0,75,100
594798,99,524,4125,0,0,0,0,0,4125,0,0,0,-310,0,0,0,355,321,0,0,0,0,0,0,75,100
595798,99,2376,4125,0,0,0,0,0,4125,0,0,0,-310,0,0,0,357,323,0,0,0,0,0,0,74,100
596798,99,214,4125,0,0,0,0,0,4125,0,0,0,-310,0,0,0,361,321,0,0,0,0,0,0,75,100
597798,99,2400,4125,0,0,0,0,0,4125,0,0,0,-310,0,0,0,357,321,0,0,0,0,0,0,75,100
598798,99,2422,4125,0,0,0,0,0,4125,0,0,0,-310,0,0,0,359,321,0,0,0,0,0,0,75,100
599798,99,38,4125,0,0,0,0,0,4125,0,0,0,-310,0,0,0,359,321,0,0,0,0,0,0,74,100
600798,99,2355,4126,0,0,0,0,0,4126,0,0,0,-310,0,0,0,361,321,0,0,0,0,0,0,74,100
601798,99,1443,4125,0,0,0,0,0,4125,0,0,0,-310,0,0,0,359,319,0,0,0,0,0,0,74,100
602821,99,1402,4125,0,0,0,0,0,4125,0,0,0,-310,0,0,0,359,323,0,0,0,0,0,0,74,100
603821,99,1036,4126,0,0,0,0,0,4126,0,0,0,-310,0,0,0,361,321,0,0,0,0,0,0,74,100
604798,99,27,4126,0,0,0,0,0,4126,0,0,0,-310,0,0,0,359,319,0,0,0,0,0,0,74,100
605798,99,49,4125,0,0,0,0,0,4125,0,0,0,-310,0,0,0,359,319,0,0,0,0,0,0,74,100
606798,99,22,4126,0,0,0,0,0,4126,0,0,0,-310,0,0,0,355,321,0,0,0,0,0,0,74,100
607798,99,115,4125,0,0,0,0,0,4125,0,0,0,-310,0,0,0,357,319,0,0,0,0,0,0,74,100
608798,99,578,4126,0,0,0,0,0,4126,0,0,0,-310,0,0,0,359,323,0,0,0,0,0,0,74,100
609795,99,64,4126,0,0,0,0,0,4126,0,0,0,-310,0,0,0,357,321,0,0,0,0,0,0,74,100
610798,99,1022,4125,0,0,0,0,0,4125,0,0,0,-310,0,0,0,355,323,0,0,0,0,0,0,74,100
611798,99,125,4125,0,0,0,0,0,4125,0,0,0,-310,0,0,0,357,317,0,0,0,0,0,0,74,100
612798,99,2154,4125,0,0,0,0,0,4125,0,0,0,-310,0,0,0,359,319,0,0,0,0,0,0,74,100
613798,99,52,4125,0,0,0,0,0,4125,0,0,0,-310,0,0,0,357,321,0,0,0,0,0,0,74,100
614821,99,1426,4125,0,0,0,0,0,4125,0,0,0,-310,0,0,0,359,319,0,0,0,0,0,0,74,100
615821,99,1805,4125,0,0,0,0,0,4125,0,0,0,-310,0,0,0,355,321,0,0,0,0,0,0,74,100
616798,99,54,4126,0,0,0,0,0,4126,0,0,0,-310,0,0,0,359,319,0,0,0,0,0,0,74,100
617798,99,21,4125,0,0,0,0,0,4125,0,0,0,-310,0,0,0,359,319,0,0,0,0,0,0,74,100
618821,99,555,4125,0,0,0,0,0,4125,0,0,0,-310,0,0,0,357,317,0,0,0,0,0,0,74,100
619798,99,59,4125,0,0,0,0,0,4125,0,0,0,-310,0,0,0,355,319,0,0,0,0,0,0,73,100
620798,99,1694,4126,0,0,0,0,0,4126,0,0,0,-310,0,0,0,357,323,0,0,0,0,0,0,73,100
621821,99,1278,4125,0,0,0,0,0,4125,0,0,0,-310,0,0,0,359,321,0,0,0,0,0,0,74,100
622798,99,659,4125,0,0,0,0,0,4125,0,0,0,-310,0,0,0,357,321,0,0,0,0,0,0,73,100
623798,99,25,4125,0,0,0,0,0,4125,0,0,0,-310,0,0,0,355,323,0,0,0,0,0,0,74,100
624798,99,34,4125,0,0,0,0,0,4125,0,0,0,-310,0,0,0,357,325,0,0,0,0,0,0,74,100
625798,99,62,4125,0,0,0,0,0,4125,0,0,0,-310,0,0,0,359,321,0,0,0,0,0,0,73,100
626798,99,979,4125,0,0,0,0,0,4125,0,0,0,-310,0,0,0,359,321,0,0,0,0,0,0,73,100
627821,99,26,4125,0,0,0,0,0,4125,0,0,0,-310,0,0,0,357,323,0,0,0,0,0,0,73,100
628821,99,63,4125,0,0,0,0,0,4125,0,0,0,-310,0,0,0,357,321,0,0,0,0,0,0,73,100
629798,99,897,4125,0,0,0,0,0,4125,0,0,0,-310,0,0,0,355,319,0,0,0,0,0,0,73,100
630798,99,1571,4125,0,0,0,0,0,4125,0,0,0,-310,0,0,0,361,321,0,0,0,0,0,0,73,100
631798,99,29,4125,0,0,0,0,0,4125,0,0,0,-310,0,0,0,357,321,0,0,0,0,0,0,73,100
632798,99,1749,4125,0,0,0,0,0,4125,0,0,0,-310,0,0,0,355,321,0,0,0,0,0,0,73,100
633798,99,24,4125,0,0,0,0,0,4125,0,0,0,-310,0,0,0,355,321,0,0,0,0,0,0,73,100
634805,99,94,4125,0,0,0,0,0,4125,0,0,0,-310,0,0,0,357,319,0,0,0,0,0,0,73,100
635798,99,1320,4126,0,0,0,0,0,4126,0,0,0,-310,0,0,0,355,321,0,0,0,0,0,0,73,100
636798,99,1991,4125,0,0,0,0,0,4125,0,0,0,-310,0,0,0,357,321,0,0,0,0,0,0,73,100
637821,99,1463,4125,0,0,0,0,0,4125,0,0,0,-310,0,0,0,359,325,0,0,0,0,0,0,73,100
638798,99,2233,4125,0,0,0,0,0,4125,0,0,0,-310,0,0,0,357,323,0,0,0,0,0,0,73,100
639798,99,1618,4125,0,0,0,0,0,4125,0,0,0,-310,0,0,0,359,323,0,0,0,0,0,0,73,100
640798,99,221,4125,0,0,0,0,0,4125,0,0,0,-310,0,0,0,351,323,0,0,0,0,0,0,73,100
641798,99,50,4125,0,0,0,0,0,4125,0,0,0,-310,0,0,0,355,321,0,0,0,0,0,0,73,100
642798,99,583,4125,0,0,0,0,0,4125,0,0,0,-310,0,0,0,359,319,0,0,0,0,0,0,73,100
643798,99,1473,4125,0,0,0,0,0,4125,0,0,0,-310,0,0,0,355,323,0,0,0,0,0,0,73,100
644798,99,2341,4126,0,0,0,0,0,4126,0,0,0,-310,0,0,0,357,319,0,0,0,0,0,0,73,100
645798,99,1017,4125,0,0,0,0,0,4125,0,0,0,-310,0,0,0,355,321,0,0,0,0,0,0,73,100
646798,99,2357,4125,0,0,0,0,0,4125,0,0,0,-310,0,0,0,359,321,0,0,0,0,0,0,73,100
647821,99,1955,4126,0,0,0,0,0,4126,0,0,0,-310,0,0,0,353,319,0,0,0,0,0,0,95,100
648798,99,1756,4125,0,0,0,0,0,4125,0,0,0,-310,0,0,0,353,319,0,0,0,0,0,0,73,100
649798,99,1444,4125,0,0,0,0,0,4125,0,0,0,-310,0,0,0,351,325,0,0,0,0,0,0,72,100
650798,99,128,4126,0,0,0,0,0,4126,0,0,0,-310,0,0,0,359,323,0,0,0,0,0,0,72,100
651798,99,413,4125,0,0,0,0,0,4125,0,0,0,-310,0,0,0,355,321,0,0,0,0,0,0,72,100
652798,99,108,4125,0,0,0,0,0,4125,0,0,0,-310,0,0,0,357,323,0,0,0,0,0,0,73,100
653798,99,50,4125,0,0,0,0,0,4125,0,0,0,-310,0,0,0,359,323,0,0,0,0,0,0,73,100
654798,99,1608,4125,0,0,0,0,0,4125,0,0,0,-310,0,0,0,353,321,0,0,0,0,0,0,72,100
655798,99,22,4126,0,0,0,0,0,4126,0,0,0,-310,0,0,0,353,321,0,0,0,0,0,0,72,100
656798,99,35,4125,0,0,0,0,0,4125,0,0,0,-310,0,0,0,353,321,0,0,0,0,0,0,72,100
657805,99,108,4125,0,0,0,0,0,4125,0,0,0,-310,0,0,0,353,319,0,0,0,0,0,0,72,100
658798,99,1702,4126,0,0,0,0,0,4126,0,0,0,-310,0,0,0,353,321,0,0,0,0,0,0,72,100
659798,99,1513,4125,0,0,0,0,0,4125,0,0,0,-310,0,0,0,353,323,0,0,0,0,0,0,72,100
660798,99,135,4126,0,0,0,0,0,4126,0,0,0,-310,0,0,0,351,323,0,0,0,0,0,0,72,100
661798,99,127,4126,0,0,0,0,0,4126,0,0,0,-310,0,0,0,353,325,0,0,0,0,0,0,72,100
662821,99,1435,4125,0,0,0,0,0,4125,0,0,0,-310,0,0,0,355,321,0,0,0,0,0,0,72,100
663798,99,65,4126,0,0,0,0,0,4126,0,0,0,-310,0,0,0,355,323,0,0,0,0,0,0,72,100
664798,99,39,4125,0,0,0,0,0,4125,0,0,0,-310,0,0,0,355,323,0,0,0,0,0,0,72,100
665821,99,43,4126,0,0,0,0,0,4126,0,0,0,-310,0,0,0,353,323,0,0,0,0,0,0,72,100
666798,99,1507,4126,0,0,0,0,0,4126,0,0,0,-310,0,0,0,353,325,0,0,0,0,0,0,72,100
667795,99,2314,4125,0,0,0,0,0,4125,0,0,0,-310,0,0,0,351,319,0,0,0,0,0,0,72,100
668798,99,751,4125,0,0,0,0,0,4125,0,0,0,-310,0,0,0,355,321,0,0,0,0,0,0,72,100
669798,99,60,4125,0,0,0,0,0,4125,0,0,0,-310,0,0,0,353,323,0,0,0,0,0,0,72,100
670798,99,124,4126,0,0,0,0,0,4126,0,0,0,-310,0,0,0,350,317,0,0,0,0,0,0,72,100
671798,99,1797,4126,0,0,0,0,0,4126,0,0,0,-310,0,0,0,353,326,0,0,0,0,0,0,72,100
672798,99,296,4125,0,0,0,0,0,4125,0,0,0,-310,0,0,0,351,321,0,0,0,0,0,0,72,100
673798,99,1533,4125,0,0,0,0,0,4125,0,0,0,-310,0,0,0,351,321,0,0,0,0,0,0,72,100
674798,99,2188,4126,0,0,0,0,0,4126,0,0,0,-310,0,0,0,351,323,0,0,0,0,0,0,72,100
675821,99,365,4126,0,0,0,0,0,4126,0,0,0,-310,0,0,0,353,325,0,0,0,0,0,0,72,100
676798,99,103,4126,0,0,0,0,0,4126,0,0,0,-310,0,0,0,355,323,0,0,0,0,0,0,72,100
677798,99,2426,4126,0,0,0,0,0,4126,0,0,0,-310,0,0,0,351,323,0,0,0,0,0,0,72,100
678798,99,2200,4125,0,0,0,0,0,4125,0,0,0,-310,0,0,0,353,321,0,0,0,0,0,0,72,100
679798,99,505,4125,0,0,0,0,0,4125,0,0,0,-310,0,0,0,353,319,0,0,0,0,0,0,72,100
680798,99,66,4125,0,0,0,0,0,4125,0,0,0,-310,0,0,0,351,321,0,0,0,0,0,0,72,100
681798,99,23,4125,0,0,0,0,0,4125,0,0,0,-310,0,0,0,353,323,0,0,0,0,0,0,72,100
682798,99,648,4126,0,0,0,0,0,4126,0,0,0,-310,0,0,0,353,323,0,0,0,0,0,0,71,100
683798,99,2335,4126,0,0,0,0,0,4126,0,0,0,-310,0,0,0,353,323,0,0,0,0,0,0,72,100
684798,99,2372,4126,0,0,0,0,0,4126,0,0,0,-310,0,0,0,351,321,0,0,0,0,0,0,72,100
685798,99,774,4126,0,0,0,0,0,4126,0,0,0,-310,0,0,0,350,321,0,0,0,0,0,0,71,100
686798,99,990,4126,0,0,0,0,0,4126,0,0,0,-310,0,0,0,353,321,0,0,0,0,0,0,71,100
687798,99,144,4125,0,0,0,0,0,4125,0,0,0,-310,0,0,0,351,325,0,0,0,0,0,0,71,100
688798,99,279,4125,0,0,0,0,0,4125,0,0,0,-310,0,0,0,353,323,0,0,0,0,0,0,71,100
689798,99,88,4126,0,0,0,0,0,4126,0,0,0,-310,0,0,0,353,326,0,0,0,0,0,0,71,100
690798,99,86,4126,0,0,0,0,0,4126,0,0,0,-310,0,0,0,353,325,0,0,0,0,0,0,71,100
691798,99,1047,4126,0,0,0,0,0,4126,0,0,0,-310,0,0,0,350,321,0,0,0,0,0,0,71,100
692798,99,26,4126,0,0,0,0,0,4126,0,0,0,-310,0,0,0,353,323,0,0,0,0,0,0,71,100
693798,99,633,4126,0,0,0,0,0,4126,0,0,0,-310,0,0,0,351,321,0,0,0,0,0,0,71,100
694798,99,2240,4126,0,0,0,0,0,4126,0,0,0,-310,0,0,0,353,325,0,0,0,0,0,0,71,100
695798,99,2526,4126,0,0,0,0,0,4126,0,0,0,-310,0,0,0,350,325,0,0,0,0,0,0,71,100
696798,99,94,4126,0,0,0,0,0,4126,0,0,0,-310,0,0,0,351,319,0,0,0,0,0,0,71,100
697798,99,2520,4126,0,0,0,0,0,4126,0,0,0,-310,0,0,0,353,328,0,0,0,0,0,0,71,100
698798,99,27,4126,0,0,0,0,0,4126,0,0,0,-310,0,0,0,353,321,0,0,0,0,0,0,71,100
699798,99,445,4126,0,0,0,0,0,4126,0,0,0,-310,0,0,0,353,325,0,0,0,0,0,0,71,100
700798,99,2393,4126,0,0,0,0,0,4126,0,0,0,-310,0,0,0,351,323,0,0,0,0,0,0,71,100
701798,99,35,4125,0,0,0,0,0,4125,0,0,0,-310,0,0,0,351,325,0,0,0,0,0,0,71,100
702821,99,1876,4126,0,0,0,0,0,4126,0,0,0,-310,0,0,0,351,323,0,0,0,0,0,0,71,100
703795,99,1377,4126,0,0,0,0,0,4126,0,0,0,-310,0,0,0,351,321,0,0,0,0,0,0,71,100
704798,99,64,4126,0,0,0,0,0,4126,0,0,0,-310,0,0,0,353,323,0,0,0,0,0,0,71,100
705798,99,1353,4125,0,0,0,0,0,4125,0,0,0,-310,0,0,0,350,325,0,0,0,0,0,0,71,100
706798,99,2052,4126,0,0,0,0,0,4126,0,0,0,-310,0,0,0,355,323,0,0,0,0,0,0,71,100
707798,99,26,4126,0,0,0,0,0,4126,0,0,0,-310,0,0,0,351,323,0,0,0,0,0,0,71,100
708798,99,2493,4126,0,0,0,0,0,4126,0,0,0,-310,0,0,0,353,325,0,0,0,0,0,0,71,100
709798,99,1011,4126,0,0,0,0,0,4126,0,0,0,-310,0,0,0,351,321,0,0,0,0,0,0,71,100
710805,99,321,4126,0,0,0,0,0,4126,0,0,0,-310,0,0,0,351,326,0,0,0,0,0,0,71,100
711821,99,1563,4125,0,0,0,0,0,4125,0,0,0,-310,0,0,0,353,321,0,0,0,0,0,0,71,100
712798,99,460,4126,0,0,0,0,0,4126,0,0,0,-310,0,0,0,350,323,0,0,0,0,0,0,71,100
713798,99,1026,4125,0,0,0,0,0,4125,0,0,0,-310,0,0,0,350,325,0,0,0,0,0,0,71,100
714798,99,920,4125,0,0,0,0,0,4125,0,0,0,-310,0,0,0,351,326,0,0,0,0,0,0,71,100
715798,99,2043,4126,0,0,0,0,0,4126,0,0,0,-310,0,0,0,350,325,0,0,0,0,0,0,71,100
716821,99,2134,4126,0,0,0,0,0,4126,0,0,0,-310,0,0,0,351,325,0,0,0,0,0,0,71,100
717821,99,482,4125,0,0,0,0,0,4125,0,0,0,-310,0,0,0,350,321,0,0,0,0,0,0,70,100
718798,99,790,4126,0,0,0,0,0,4126,0,0,0,-310,0,0,0,351,325,0,0,0,0,0,0,70,100
719798,99,67,4125,0,0,0,0,0,4125,0,0,0,-310,0,0,0,351,323,0,0,0,0,0,0,70,100
720798,99,227,4126,0,0,0,0,0,4126,0,0,0,-310,0,0,0,353,325,0,0,0,0,0,0,70,100
721805,99,197,4126,0,0,0,0,0,4126,0,0,0,-310,0,0,0,348,326,0,0,0,0,0,0,70,100
722798,99,2400,4126,0,0,0,0,0,4126,0,0,0,-310,0,0,0,351,323,0,0,0,0,0,0,70,100
723798,99,200,4126,0,0,0,0,0,4126,0,0,0,-310,0,0,0,350,323,0,0,0,0,0,0,70,100
724798,99,583,4126,0,0,0,0,0,4126,0,0,0,-310,0,0,0,350,325,0,0,0,0,0,0,70,100
725798,99,260,4126,0,0,0,0,0,4126,0,0,0,-310,0,0,0,351,325,0,0,0,0,0,0,70,100
726821,99,904,4126,0,0,0,0,0,4126,0,0,0,-310,0,0,0,351,323,0,0,0,0,0,0,70,100
727798,99,210,4126,0,0,0,0,0,4126,0,0,0,-310,0,0,0,353,323,0,0,0,0,0,0,70,100
728798,99,2259,4126,0,0,0,0,0,4126,0,0,0,-310,0,0,0,351,321,0,0,0,0,0,0,70,100
729798,99,1572,4125,0,0,0,0,0,4125,0,0,0,-310,0,0,0,350,326,0,0,0,0,0,0,70,100
730798,99,39,4126,0,0,0,0,0,4126,0,0,0,-310,0,0,0,350,321,0,0,0,0,0,0,70,100
731798,99,236,4126,0,0,0,0,0,4126,0,0,0,-310,0,0,0,350,325,0,0,0,0,0,0,70,100
732798,99,2380,4126,0,0,0,0,0,4126,0,0,0,-310,0,0,0,351,325,0,0,0,0,0,0,70,100
733798,99,1728,4126,0,0,0,0,0,4126,0,0,0,-310,0,0,0,353,326,0,0,0,0,0,0,70,100
734798,99,577,4126,0,0,0,0,0,4126,0,0,0,-310,0,0,0,351,323,0,0,0,0,0,0,70,100
735798,99,695,4125,0,0,0,0,0,4125,0,0,0,-310,0,0,0,351,325,0,0,0,0,0,0,70,100
736798,99,638,4126,0,0,0,0,0,4126,0,0,0,-310,0,0,0,351,326,0,0,0,0,0,0,70,100
737798,99,368,4126,0,0,0,0,0,4126,0,0,0,-310,0,0,0,346,323,0,0,0,0,0,0,70,100
738798,99,1205,4126,0,0,0,0,0,4126,0,0,0,-310,0,0,0,348,323,0,0,0,0,0,0,70,100
739798,99,39,4125,0,0,0,0,0,4125,0,0,0,-310,0,0,0,344,323,0,0,0,0,0,0,70,100
740798,99,38,4126,0,0,0,0,0,4126,0,0,0,-310,0,0,0,348,325,0,0,0,0,0,0,70,100
741798,99,771,4126,0,0,0,0,0,4126,0,0,0,-310,0,0,0,350,326,0,0,0,0,0,0,70,100
742798,99,736,4126,0,0,0,0,0,4126,0,0,0,-310,0,0,0,350,323,0,0,0,0,0,0,70,100
743798,99,51,4126,0,0,0,0,0,4126,0,0,0,-310,0,0,0,355,323,0,0,0,0,0,0,70,100
744798,99,249,4126,0,0,0,0,0,4126,0,0,0,-310,0,0,0,350,321,0,0,0,0,0,0,70,100
745798,99,838,4126,0,0,0,0,0,4126,0,0,0,-310,0,0,0,346,325,0,0,0,0,0,0,70,100
746798,99,533,4126,0,0,0,0,0,4126,0,0,0,-310,0,0,0,350,326,0,0,0,0,0,0,70,100
747798,99,2326,4126,0,0,0,0,0,4126,0,0,0,-310,0,0,0,351,321,0,0,0,0,0,0,70,100
748798,99,316,4126,0,0,0,0,0,4126,0,0,0,-310,0,0,0,348,325,0,0,0,0,0,0,70,100
749798,99,156,4126,0,0,0,0,0,4126,0,0,0,-310,0,0,0,346,323,0,0,0,0,0,0,70,100
750798,99,55,4126,0,0,0,0,0,4126,0,0,0,-310,0,0,0,348,325,0,0,0,0,0,0,70,100
751798,99,1833,4126,0,0,0,0,0,4126,0,0,0,-310,0,0,0,350,326,0,0,0,0,0,0,70,100
752798,99,2307,4126,0,0,0,0,0,4126,0,0,0,-310,0,0,0,350,323,0,0,0,0,0,0,70,100
753798,99,211,4126,0,0,0,0,0,4126,0,0,0,-310,0,0,0,350,326,0,0,0,0,0,0,69,100
754798,99,2120,4126,0,0,0,0,0,4126,0,0,0,-310,0,0,0,348,325,0,0,0,0,0,0,70,100
755798,99,22,4126,0,0,0,0,0,4126,0,0,0,-310,0,0,0,348,325,0,0,0,0,0,0,70,100
756798,99,616,4126,0,0,0,0,0,4126,0,0,0,-310,0,0,0,344,319,0,0,0,0,0,0,69,100
757798,99,2221,4126,0,0,0,0,0,4126,0,0,0,-310,0,0,0,346,321,0,0,0,0,0,0,69,100
758798,99,842,4125,0,0,0,0,0,4125,0,0,0,-310,0,0,0,346,321,0,0,0,0,0,0,70,100
759798,99,2043,4126,0,0,0,0,0,4126,0,0,0,-310,0,0,0,348,325,0,0,0,0,0,0,69,100
760798,99,2336,4125,0,0,0,0,0,4125,0,0,0,-310,0,0,0,348,323,0,0,0,0,0,0,69,100
761798,99,1590,4126,0,0,0,0,0,4126,0,0,0,-310,0,0,0,348,323,0,0,0,0,0,0,69,100
762798,99,278,4126,0,0,0,0,0,4126,0,0,0,-310,0,0,0,348,323,0,0,0,0,0,0,69,100
763798,99,645,4126,0,0,0,0,0,4126,0,0,0,-310,0,0,0,346,323,0,0,0,0,0,0,70,100
764798,99,460,4126,0,0,0,0,0,4126,0,0,0,-310,0,0,0,348,325,0,0,0,0,0,0,69,100
765798,99,23,4126,0,0,0,0,0,4126,0,0,0,-310,0,0,0,344,323,0,0,0,0,0,0,69,100
766798,99,63,4125,0,0,0,0,0,4125,0,0,0,-310,0,0,0,348,323,0,0,0,0,0,0,69,100
767798,99,28,4126,0,0,0,0,0,4126,0,0,0,-310,0,0,0,348,325,0,0,0,0,0,0,69,100
768798,99,597,4126,0,0,0,0,0,4126,0,0,0,-310,0,0,0,350,325,0,0,0,0,0,0,69,100
769798,99,712,4126,0,0,0,0,0,4126,0,0,0,-310,0,0,0,348,325,0,0,0,0,0,0,69,100
770798,99,1612,4126,0,0,0,0,0,4126,0,0,0,-310,0,0,0,350,323,0,0,0,0,0,0,69,100
771798,99,660,4125,0,0,0,0,0,4125,0,0,0,-310,0,0,0,348,321,0,0,0,0,0,0,69,100
772798,99,2212,4125,0,0,0,0,0,4125,0,0,0,-310,0,0,0,348,323,0,0,0,0,0,0,69,100
773798,99,2481,4126,0,0,0,0,0,4126,0,0,0,-310,0,0,0,344,323,0,0,0,0,0,0,69,100
774798,99,158,4125,0,0,0,0,0,4125,0,0,0,-310,0,0,0,351,323,0,0,0,0,0,0,69,100
775798,99,40,4126,0,0,0,0,0,4126,0,0,0,-310,0,0,0,348,323,0,0,0,0,0,0,69,100
776798,99,1080,4126,0,0,0,0,0,4126,0,0,0,-310,0,0,0,346,325,0,0,0,0,0,0,69,100
777798,99,551,4126,0,0,0,0,0,4126,0,0,0,-310,0,0,0,344,326,0,0,0,0,0,0,69,100
778798,99,65,4125,0,0,0,0,0,4125,0,0,0,-310,0,0,0,346,325,0,0,0,0,0,0,69,100
779798,99,1592,4125,0,0,0,0,0,4125,0,0,0,-310,0,0,0,342,323,0,0,0,0,0,0,69,100
780798,99,38,4125,0,0,0,0,0,4125,0,0,0,-310,0,0,0,346,323,0,0,0,0,0,0,69,100
781798,99,23,4126,0,0,0,0,0,4126,0,0,0,-310,0,0,0,344,321,0,0,0,0,0,0,69,100
782798,99,68,4125,0,0,0,0,0,4125,0,0,0,-310,0,0,0,350,326,0,0,0,0,0,0,69,100
783798,99,407,4126,0,0,0,0,0,4126,0,0,0,-310,0,0,0,346,323,0,0,0,0,0,0,69,100
784798,99,2339,4125,0,0,0,0,0,4125,0,0,0,-310,0,0,0,342,323,0,0,0,0,0,0,69,100
785798,99,1754,4126,0,0,0,0,0,4126,0,0,0,-310,0,0,0,346,325,0,0,0,0,0,0,69,100
786798,99,2362,4125,0,0,0,0,0,4125,0,0,0,-310,0,0,0,342,326,0,0,0,0,0,0,69,100
787821,99,1663,4126,0,0,0,0,0,4126,0,0,0,-310,0,0,0,344,325,0,0,0,0,0,0,69,100
788798,99,50,4125,0,0,0,0,0,4125,0,0,0,-310,0,0,0,346,325,0,0,0,0,0,0,69,100
789798,99,224,4125,0,0,0,0,0,4125,0,0,0,-310,0,0,0,346,321,0,0,0,0,0,0,69,100
790798,99,2406,4125,0,0,0,0,0,4125,0,0,0,-310,0,0,0,348,326,0,0,0,0,0,0,69,100
791798,99,1499,4126,0,0,0,0,0,4126,0,0,0,-310,0,0,0,346,323,0,0,0,0,0,0,69,100
792798,99,200,4126,0,0,0,0,0,4126,0,0,0,-310,0,0,0,348,323,0,0,0,0,0,0,69,100
793798,99,252,4125,0,0,0,0,0,4125,0,0,0,-310,0,0,0,348,323,0,0,0,0,0,0,69,100
794798,99,307,4125,0,0,0,0,0,4125,0,0,0,-310,0,0,0,346,317,0,0,0,0,0,0,69,100
795798,99,92,4125,0,0,0,0,0,4125,0,0,0,-310,0,0,0,346,323,0,0,0,0,0,0,69,100
796795,99,776,4125,0,0,0,0,0,4125,0,0,0,-310,0,0,0,344,317,0,0,0,0,0,0,69,100
797798,99,1569,4126,0,0,0,0,0,4126,0,0,0,-310,0,0,0,342,323,0,0,0,0,0,0,69,100
798798,99,2491,4125,0,0,0,0,0,4125,0,0,0,-310,0,0,0,342,321,0,0,0,0,0,0,69,100
799798,99,100,4125,0,0,0,0,0,4125,0,0,0,-310,0,0,0,346,325,0,0,0,0,0,0,69,100
800798,99,731,4125,0,0,0,0,0,4125,0,0,0,-310,0,0,0,346,319,0,0,0,0,0,0,69,100
801798,99,115,4125,0,0,0,0,0,4125,0,0,0,-310,0,0,0,342,326,0,0,0,0,0,0,69,100
802798,99,41,4126,0,0,0,0,0,4126,0,0,0,-310,0,0,0,348,325,0,0,0,0,0,0,69,100
803798,99,432,4126,0,0,0,0,0,4126,0,0,0,-310,0,0,0,344,321,0,0,0,0,0,0,69,100
804798,99,114,4125,0,0,0,0,0,4125,0,0,0,-310,0,0,0,344,323,0,0,0,0,0,0,69,100
805798,99,1480,4125,0,0,0,0,0,4125,0,0,0,-310,0,0,0,342,326,0,0,0,0,0,0,69,100
806795,99,2336,4126,0,0,0,0,0,4126,0,0,0,-310,0,0,0,342,319,0,0,0,0,0,0,69,100
807821,99,45,4126,0,0,0,0,0,4126,0,0,0,-310,0,0,0,344,319,0,0,0,0,0,0,69,100
808795,99,91,4125,0,0,0,0,0,4125,0,0,0,-310,0,0,0,344,323,0,0,0,0,0,0,69,100
809798,99,30,4125,0,0,0,0,0,4125,0,0,0,-310,0,0,0,342,319,0,0,0,0,0,0,69,100
810805,99,255,4125,0,0,0,0,0,4125,0,0,0,-310,0,0,0,342,325,0,0,0,0,0,0,69,100
811798,99,868,4125,0,0,0,0,0,4125,0,0,0,-310,0,0,0,340,325,0,0,0,0,0,0,69,100
812798,99,104,4125,0,0,0,0,0,4125,0,0,0,-310,0,0,0,344,326,0,0,0,0,0,0,69,100
813798,99,458,4125,0,0,0,0,0,4125,0,0,0,-310,0,0,0,342,325,0,0,0,0,0,0,69,100
814798,99,1202,4125,0,0,0,0,0,4125,0,0,0,-310,0,0,0,342,319,0,0,0,0,0,0,68,100
815798,99,625,4125,0,0,0,0,0,4125,0,0,0,-310,0,0,0,342,319,0,0,0,0,0,0,68,100
816798,99,144,4125,0,0,0,0,0,4125,0,0,0,-310,0,0,0,340,321,0,0,0,0,0,0,69,100
817798,99,297,4125,0,0,0,0,0,4125,0,0,0,-310,0,0,0,344,323,0,0,0,0,0,0,68,100
818798,99,238,4125,0,0,0,0,0,4125,0,0,0,-310,0,0,0,342,321,0,0,0,0,0,0,69,100
819798,99,379,4125,0,0,0,0,0,4125,0,0,0,-310,0,0,0,344,323,0,0,0,0,0,0,69,100
820798,99,2376,4125,0,0,0,0,0,4125,0,0,0,-310,0,0,0,340,325,0,0,0,0,0,0,69,100
821798,99,40,4125,0,0,0,0,0,4125,0,0,0,-310,0,0,0,340,323,0,0,0,0,0,0,69,100
822798,99,627,4125,0,0,0,0,0,4125,0,0,0,-310,0,0,0,344,323,0,0,0,0,0,0,68,100
823798,99,132,4125,0,0,0,0,0,4125,0,0,0,-310,0,0,0,342,323,0,0,0,0,0,0,68,100
824798,99,1616,4125,0,0,0,0,0,4125,0,0,0,-310,0,0,0,342,321,0,0,0,0,0,0,68,100
825798,99,2423,4126,0,0,0,0,0,4126,0,0,0,-310,0,0,0,346,325,0,0,0,0,0,0,68,100
826798,99,59,4125,0,0,0,0,0,4125,0,0,0,-310,0,0,0,342,321,0,0,0,0,0,0,68,100
827798,99,793,4125,0,0,0,0,0,4125,0,0,0,-310,0,0,0,344,317,0,0,0,0,0,0,68,100
828798,99,922,4125,0,0,0,0,0,4125,0,0,0,-310,0,0,0,342,317,0,0,0,0,0,0,68,100
829821,99,70,4125,0,0,0,0,0,4125,0,0,0,-310,0,0,0,346,325,0,0,0,0,0,0,68,100
830798,99,2354,4125,0,0,0,0,0,4125,0,0,0,-310,0,0,0,342,323,0,0,0,0,0,0,68,100
831798,99,22,4125,0,0,0,0,0,4125,0,0,0,-310,0,0,0,342,321,0,0,0,0,0,0,68,100
832821,99,1704,4125,0,0,0,0,0,4125,0,0,0,-310,0,0,0,342,323,0,0,0,0,0,0,68,100
833821,99,836,4125,0,0,0,0,0,4125,0,0,0,-310,0,0,0,340,321,0,0,0,0,0,0,68,100
834798,99,550,4125,0,0,0,0,0,4125,0,0,0,-310,0,0,0,342,321,0,0,0,0,0,0,68,100
835798,99,394,4125,0,0,0,0,0,4125,0,0,0,-310,0,0,0,342,319,0,0,0,0,0,0,68,100
836798,99,106,4125,0,0,0,0,0,4125,0,0,0,-310,0,0,0,340,321,0,0,0,0,0,0,68,100
837798,99,1195,4125,0,0,0,0,0,4125,0,0,0,-310,0,0,0,342,317,0,0,0,0,0,0,68,100
838798,99,1814,4125,0,0,0,0,0,4125,0,0,0,-310,0,0,0,344,323,0,0,0,0,0,0,68,100
839798,99,1737,4125,0,0,0,0,0,4125,0,0,0,-310,0,0,0,338,326,0,0,0,0,0,0,68,100
840798,99,979,4125,0,0,0,0,0,4125,0,0,0,-310,0,0,0,340,321,0,0,0,0,0,0,68,100
841798,99,31,4125,0,0,0,0,0,4125,0,0,0,-310,0,0,0,342,321,0,0,0,0,0,0,68,100
842798,99,1784,4125,0,0,0,0,0,4125,0,0,0,-310,0,0,0,344,321,0,0,0,0,0,0,68,100
843798,99,92,4125,0,0,0,0,0,4125,0,0,0,-310,0,0,0,342,317,0,0,0,0,0,0,68,100
844821,99,23,4125,0,0,0,0,0,4125,0,0,0,-310,0,0,0,346,323,0,0,0,0,0,0,68,100
845798,99,782,4125,0,0,0,0,0,4125,0,0,0,-310,0,0,0,344,319,0,0,0,0,0,0,68,100
846798,99,41,4125,0,0,0,0,0,4125,0,0,0,-310,0,0,0,344,323,0,0,0,0,0,0,68,100
847798,99,953,4125,0,0,0,0,0,4125,0,0,0,-310,0,0,0,344,323,0,0,0,0,0,0,68,100
848798,99,1335,4125,0,0,0,0,0,4125,0,0,0,-310,0,0,0,344,323,0,0,0,0,0,0,68,100
849798,99,2138,4125,0,0,0,0,0,4125,0,0,0,-310,0,0,0,340,321,0,0,0,0,0,0,68,100
850798,99,2408,4125,0,0,0,0,0,4125,0,0,0,-310,0,0,0,342,323,0,0,0,0,0,0,68,100
851798,99,2317,4125,0,0,0,0,0,4125,0,0,0,-310,0,0,0,338,321,0,0,0,0,0,0,68,100
852798,99,229,4125,0,0,0,0,0,4125,0,0,0,-310,0,0,0,342,319,0,0,0,0,0,0,68,100
853798,99,419,4125,0,0,0,0,0,4125,0,0,0,-310,0,0,0,342,321,0,0,0,0,0,0,68,100
854805,99,1697,4125,0,0,0,0,0,4125,0,0,0,-310,0,0,0,340,319,0,0,0,0,0,0,68,100
855798,99,916,4125,0,0,0,0,0,4125,0,0,0,-310,0,0,0,338,317,0,0,0,0,0,0,68,100
856798,99,42,4125,0,0,0,0,0,4125,0,0,0,-310,0,0,0,340,321,0,0,0,0,0,0,68,100
857798,99,1464,4125,0,0,0,0,0,4125,0,0,0,-310,0,0,0,336,319,0,0,0,0,0,0,68,100
858798,99,1508,4125,0,0,0,0,0,4125,0,0,0,-310,0,0,0,338,323,0,0,0,0,0,0,68,100
859798,99,1995,4125,0,0,0,0,0,4125,0,0,0,-310,0,0,0,342,321,0,0,0,0,0,0,68,100
860798,99,124,4125,0,0,0,0,0,4125,0,0,0,-310,0,0,0,344,319,0,0,0,0,0,0,68,100
861798,99,2227,4125,0,0,0,0,0,4125,0,0,0,-310,0,0,0,340,321,0,0,0,0,0,0,68,100
862798,99,96,4125,0,0,0,0,0,4125,0,0,0,-310,0,0,0,342,319,0,0,0,0,0,0,68,100
863798,99,2183,4125,0,0,0,0,0,4125,0,0,0,-310,0,0,0,342,319,0,0,0,0,0,0,68,100
864798,99,2368,4125,0,0,0,0,0,4125,0,0,0,-310,0,0,0,338,321,0,0,0,0,0,0,68,100
865798,99,24,4125,0,0,0,0,0,4125,0,0,0,-310,0,0,0,340,319,0,0,0,0,0,0,68,100
866821,99,406,4125,0,0,0,0,0,4125,0,0,0,-310,0,0,0,336,321,0,0,0,0,0,0,68,100
867798,99,2527,4125,0,0,0,0,0,4125,0,0,0,-310,0,0,0,338,319,0,0,0,0,0,0,68,100
868798,99,2231,4125,0,0,0,0,0,4125,0,0,0,-310,0,0,0,336,323,0,0,0,0,0,0,68,100
869798,99,1222,4125,0,0,0,0,0,4125,0,0,0,-310,0,0,0,338,325,0,0,0,0,0,0,68,100
870798,99,2114,4125,0,0,0,0,0,4125,0,0,0,-310,0,0,0,342,317,0,0,0,0,0,0,68,100
871798,99,722,4125,0,0,0,0,0,4125,0,0,0,-310,0,0,0,340,321,0,0,0,0,0,0,68,100
872798,99,47,4125,0,0,0,0,0,4125,0,0,0,-310,0,0,0,340,315,0,0,0,0,0,0,68,100
873798,99,2111,4125,0,0,0,0,0,4125,0,0,0,-310,0,0,0,338,319,0,0,0,0,0,0,68,100
874798,99,48,4125,0,0,0,0,0,4125,0,0,0,-310,0,0,0,338,321,0,0,0,0,0,0,68,100
875798,99,33,4125,0,0,0,0,0,4125,0,0,0,-310,0,0,0,344,319,0,0,0,0,0,0,68,100
876798,99,276,4125,0,0,0,0,0,4125,0,0,0,-310,0,0,0,340,319,0,0,0,0,0,0,68,100
877798,99,83,4125,0,0,0,0,0,4125,0,0,0,-310,0,0,0,338,321,0,0,0,0,0,0,68,100
878798,99,377,4125,0,0,0,0,0,4125,0,0,0,-310,0,0,0,340,319,0,0,0,0,0,0,68,100
879798,99,26,4125,0,0,0,0,0,4125,0,0,0,-310,0,0,0,338,319,0,0,0,0,0,0,68,100
880798,99,26,4125,0,0,0,0,0,4125,0,0,0,-310,0,0,0,338,323,0,0,0,0,0,0,68,100
881798,99,32,4125,0,0,0,0,0,4125,0,0,0,-310,0,0,0,342,319,0,0,0,0,0,0,68,100
882798,99,26,4125,0,0,0,0,0,4125,0,0,0,-310,0,0,0,340,321,0,0,0,0,0,0,68,100
883798,99,43,4125,0,0,0,0,0,4125,0,0,0,-310,0,0,0,336,317,0,0,0,0,0,0,68,100
884798,99,58,4125,0,0,0,0,0,4125,0,0,0,-310,0,0,0,338,319,0,0,0,0,0,0,68,100
885798,99,40,4125,0,0,0,0,0,4125,0,0,0,-310,0,0,0,340,321,0,0,0,0,0,0,68,100
886798,99,97,4125,0,0,0,0,0,4125,0,0,0,-310,0,0,0,340,323,0,0,0,0,0,0,68,100
887798,99,1545,4125,0,0,0,0,0,4125,0,0,0,-310,0,0,0,338,321,0,0,0,0,0,0,68,100
888798,99,329,4125,0,0,0,0,0,4125,0,0,0,-310,0,0,0,338,321,0,0,0,0,0,0,68,100
889798,99,2277,4125,0,0,0,0,0,4125,0,0,0,-310,0,0,0,336,321,0,0,0,0,0,0,68,100
890798,99,1172,4125,0,0,0,0,0,4125,0,0,0,-310,0,0,0,342,323,0,0,0,0,0,0,68,100
891798,99,1691,4125,0,0,0,0,0,4125,0,0,0,-310,0,0,0,336,321,0,0,0,0,0,0,68,100
892805,99,2027,4125,0,0,0,0,0,4125,0,0,0,-310,0,0,0,338,321,0,0,0,0,0,0,68,100
893798,99,119,4125,0,0,0,0,0,4125,0,0,0,-310,0,0,0,336,321,0,0,0,0,0,0,68,100
894798,99,1737,4125,0,0,0,0,0,4125,0,0,0,-310,0,0,0,336,319,0,0,0,0,0,0,68,100
895798,99,2349,4125,0,0,0,0,0,4125,0,0,0,-310,0,0,0,338,325,0,0,0,0,0,0,67,100
896798,99,25,4125,0,0,0,0,0,4125,0,0,0,-310,0,0,0,338,321,0,0,0,0,0,0,68,100
897821,99,2379,4125,0,0,0,0,0,4125,0,0,0,-310,0,0,0,340,323,0,0,0,0,0,0,68,100
898821,99,73,4125,0,0,0,0,0,4125,0,0,0,-310,0,0,0,336,319,0,0,0,0,0,0,68,100
899795,99,1135,4125,0,0,0,0,0,4125,0,0,0,-310,0,0,0,336,321,0,0,0,0,0,0,68,100
900798,99,798,4125,0,0,0,0,0,4125,0,0,0,-310,0,0,0,336,323,0,0,0,0,0,0,68,100
901798,99,99,4125,0,0,0,0,0,4125,0,0,0,-310,0,0,0,336,323,0,0,0,0,0,0,67,100
902798,99,59,4125,0,0,0,0,0,4125,0,0,0,-310,0,0,0,332,321,0,0,0,0,0,0,67,100
903798,99,56,4125,0,0,0,0,0,4125,0,0,0,-310,0,0,0,340,319,0,0,0,0,0,0,67,100
904798,99,60,4125,0,0,0,0,0,4125,0,0,0,-310,0,0,0,338,321,0,0,0,0,0,0,67,100
905798,99,28,4125,0,0,0,0,0,4125,0,0,0,-310,0,0,0,334,321,0,0,0,0,0,0,67,100
906798,99,689,4125,0,0,0,0,0,4125,0,0,0,-310,0,0,0,338,321,0,0,0,0,0,0,67,100
907798,99,2488,4125,0,0,0,0,0,4125,0,0,0,-310,0,0,0,338,319,0,0,0,0,0,0,67,100
908798,99,351,4125,0,0,0,0,0,4125,0,0,0,-310,0,0,0,338,323,0,0,0,0,0,0,67,100
909798,99,1940,4125,0,0,0,0,0,4125,0,0,0,-310,0,0,0,336,319,0,0,0,0,0,0,67,100
910798,99,44,4125,0,0,0,0,0,4125,0,0,0,-310,0,0,0,342,321,0,0,0,0,0,0,67,100
911798,99,809,4125,0,0,0,0,0,4125,0,0,0,-310,0,0,0,336,319,0,0,0,0,0,0,67,100
912798,99,37,4125,0,0,0,0,0,4125,0,0,0,-310,0,0,0,334,321,0,0,0,0,0,0,67,100
913798,99,41,4125,0,0,0,0,0,4125,0,0,0,-310,0,0,0,338,319,0,0,0,0,0,0,67,100
914798,99,90,4125,0,0,0,0,0,4125,0,0,0,-310,0,0,0,336,319,0,0,0,0,0,0,67,100
915798,99,2245,4125,0,0,0,0,0,4125,0,0,0,-310,0,0,0,336,321,0,0,0,0,0,0,67,100
916798,99,1286,4125,0,0,0,0,0,4125,0,0,0,-310,0,0,0,334,321,0,0,0,0,0,0,67,100
917798,99,404,4125,0,0,0,0,0,4125,0,0,0,-310,0,0,0,338,321,0,0,0,0,0,0,67,100
918798,99,1623,4125,0,0,0,0,0,4125,0,0,0,-310,0,0,0,336,317,0,0,0,0,0,0,67,100
919821,99,2421,4125,0,0,0,0,0,4125,0,0,0,-310,0,0,0,334,321,0,0,0,0,0,0,67,100
920798,99,1677,4125,0,0,0,0,0,4125,0,0,0,-310,0,0,0,336,317,0,0,0,0,0,0,67,100
921798,99,37,4125,0,0,0,0,0,4125,0,0,0,-310,0,0,0,336,321,0,0,0,0,0,0,67,100
922798,99,45,4125,0,0,0,0,0,4125,0,0,0,-310,0,0,0,338,319,0,0,0,0,0,0,67,100
923798,99,216,4125,0,0,0,0,0,4125,0,0,0,-310,0,0,0,336,319,0,0,0,0,0,0,67,100
924798,99,1658,4125,0,0,0,0,0,4125,0,0,0,-310,0,0,0,338,321,0,0,0,0,0,0,67,100
925798,99,26,4125,0,0,0,0,0,4125,0,0,0,-310,0,0,0,334,319,0,0,0,0,0,0,67,100
926798,99,2150,4125,0,0,0,0,0,4125,0,0,0,-310,0,0,0,336,321,0,0,0,0,0,0,67,100
927798,99,614,4125,0,0,0,0,0,4125,0,0,0,-310,0,0,0,334,319,0,0,0,0,0,0,67,100
928798,99,579,4125,0,0,0,0,0,4125,0,0,0,-310,0,0,0,332,319,0,0,0,0,0,0,67,100
929798,99,778,4125,0,0,0,0,0,4125,0,0,0,-310,0,0,0,332,319,0,0,0,0,0,0,67,100
930798,99,260,4125,0,0,0,0,0,4125,0,0,0,-310,0,0,0,336,321,0,0,0,0,0,0,67,100
931798,99,250,4125,0,0,0,0,0,4125,0,0,0,-310,0,0,0,336,321,0,0,0,0,0,0,67,100
932798,99,1691,4125,0,0,0,0,0,4125,0,0,0,-310,0,0,0,334,317,0,0,0,0,0,0,67,100
933798,99,29,4125,0,0,0,0,0,4125,0,0,0,-310,0,0,0,336,319,0,0,0,0,0,0,67,100
934798,99,1058,4125,0,0,0,0,0,4125,0,0,0,-310,0,0,0,336,321,0,0,0,0,0,0,67,100
935798,99,2278,4125,0,0,0,0,0,4125,0,0,0,-310,0,0,0,336,319,0,0,0,0,0,0,67,100
936798,99,22,4125,0,0,0,0,0,4125,0,0,0,-310,0,0,0,336,319,0,0,0,0,0,0,67,100
937798,99,120,4125,0,0,0,0,0,4125,0,0,0,-310,0,0,0,332,317,0,0,0,0,0,0,67,100
938798,99,55,4125,0,0,0,0,0,4125,0,0,0,-310,0,0,0,336,321,0,0,0,0,0,0,67,100
939798,99,107,4125,0,0,0,0,0,4125,0,0,0,-310,0,0,0,336,321,0,0,0,0,0,0,67,100
940798,99,116,4125,0,0,0,0,0,4125,0,0,0,-310,0,0,0,330,315,0,0,0,0,0,0,67,100
941821,99,1459,4125,0,0,0,0,0,4125,0,0,0,-310,0,0,0,338,321,0,0,0,0,0,0,67,100
942798,99,739,4125,0,0,0,0,0,4125,0,0,0,-310,0,0,0,330,319,0,0,0,0,0,0,67,100
943798,99,2358,4125,0,0,0,0,0,4125,0,0,0,-310,0,0,0,332,319,0,0,0,0,0,0,67,100
944821,99,1573,4125,0,0,0,0,0,4125,0,0,0,-310,0,0,0,338,319,0,0,0,0,0,0,67,100
945821,99,518,4125,0,0,0,0,0,4125,0,0,0,-310,0,0,0,336,319,0,0,0,0,0,0,67,100
946798,99,1062,4125,0,0,0,0,0,4125,0,0,0,-310,0,0,0,332,321,0,0,0,0,0,0,67,100
947798,99,2318,4125,0,0,0,0,0,4125,0,0,0,-310,0,0,0,332,319,0,0,0,0,0,0,67,100
948821,99,961,4125,0,0,0,0,0,4125,0,0,0,-310,0,0,0,334,319,0,0,0,0,0,0,67,100
949821,99,267,4125,0,0,0,0,0,4125,0,0,0,-310,0,0,0,334,317,0,0,0,0,0,0,67,100
950798,99,161,4125,0,0,0,0,0,4125,0,0,0,-310,0,0,0,334,317,0,0,0,0,0,0,67,100
951798,99,220,4125,0,0,0,0,0,4125,0,0,0,-310,0,0,0,336,319,0,0,0,0,0,0,67,100
952798,99,1945,4125,0,0,0,0,0,4125,0,0,0,-310,0,0,0,336,317,0,0,0,0,0,0,67,100
953798,99,1894,4125,0,0,0,0,0,4125,0,0,0,-310,0,0,0,338,317,0,0,0,0,0,0,67,100
954798,99,396,4125,0,0,0,0,0,4125,0,0,0,-310,0,0,0,338,317,0,0,0,0,0,0,67,100
955805,99,263,4125,0,0,0,0,0,4125,0,0,0,-310,0,0,0,336,321,0,0,0,0,0,0,67,100
956798,99,1130,4125,0,0,0,0,0,4125,0,0,0,-310,0,0,0,330,321,0,0,0,0,0,0,67,100
957798,99,36,4125,0,0,0,0,0,4125,0,0,0,-310,0,0,0,334,315,0,0,0,0,0,0,67,100
958798,99,269,4125,0,0,0,0,0,4125,0,0,0,-310,0,0,0,332,317,0,0,0,0,0,0,67,100
959798,99,197,4125,0,0,0,0,0,4125,0,0,0,-310,0,0,0,334,319,0,0,0,0,0,0,67,100
960798,99,48,4125,0,0,0,0,0,4125,0,0,0,-310,0,0,0,336,317,0,0,0,0,0,0,67,100
961798,99,101,4125,0,0,0,0,0,4125,0,0,0,-310,0,0,0,336,315,0,0,0,0,0,0,95,100
962798,99,2307,4125,0,0,0,0,0,4125,0,0,0,-310,0,0,0,336,319,0,0,0,0,0,0,67,100
963798,99,495,4125,0,0,0,0,0,4125,0,0,0,-310,0,0,0,338,323,0,0,0,0,0,0,67,100
964798,99,1006,4125,0,0,0,0,0,4125,0,0,0,-310,0,0,0,334,319,0,0,0,0,0,0,67,100
965821,99,570,4125,0,0,0,0,0,4125,0,0,0,-310,0,0,0,334,315,0,0,0,0,0,0,67,100
966798,99,54,4125,0,0,0,0,0,4125,0,0,0,-310,0,0,0,334,317,0,0,0,0,0,0,67,100
967798,99,719,4125,0,0,0,0,0,4125,0,0,0,-310,0,0,0,334,319,0,0,0,0,0,0,66,100
968798,99,23,4125,0,0,0,0,0,4125,0,0,0,-310,0,0,0,332,317,0,0,0,0,0,0,67,100
969798,99,370,4125,0,0,0,0,0,4125,0,0,0,-310,0,0,0,336,315,0,0,0,0,0,0,67,100
970798,99,2396,4125,0,0,0,0,0,4125,0,0,0,-310,0,0,0,332,321,0,0,0,0,0,0,67,100
971798,99,150,4125,0,0,0,0,0,4125,0,0,0,-310,0,0,0,338,321,0,0,0,0,0,0,67,100
972798,99,78,4125,0,0,0,0,0,4125,0,0,0,-310,0,0,0,336,317,0,0,0,0,0,0,67,100
973798,99,681,4125,0,0,0,0,0,4125,0,0,0,-310,0,0,0,336,319,0,0,0,0,0,0,67,100
974798,99,1745,4125,0,0,0,0,0,4125,0,0,0,-310,0,0,0,334,321,0,0,0,0,0,0,67,100
975798,99,103,4125,0,0,0,0,0,4125,0,0,0,-310,0,0,0,334,323,0,0,0,0,0,0,67,100
976798,99,997,4125,0,0,0,0,0,4125,0,0,0,-310,0,0,0,334,317,0,0,0,0,0,0,67,100
977798,99,1729,4125,0,0,0,0,0,4125,0,0,0,-310,0,0,0,336,317,0,0,0,0,0,0,67,100
978798,99,55,4125,0,0,0,0,0,4125,0,0,0,-310,0,0,0,332,315,0,0,0,0,0,0,67,100
979798,99,625,4125,0,0,0,0,0,4125,0,0,0,-310,0,0,0,334,317,0,0,0,0,0,0,67,100
980798,99,105,4125,0,0,0,0,0,4125,0,0,0,-310,0,0,0,334,321,0,0,0,0,0,0,67,100
981798,99,1496,4125,0,0,0,0,0,4125,0,0,0,-310,0,0,0,332,321,0,0,0,0,0,0,67,100
982798,99,1683,4125,0,0,0,0,0,4125,0,0,0,-310,0,0,0,332,321,0,0,0,0,0,0,67,100
983798,99,66,4125,0,0,0,0,0,4125,0,0,0,-310,0,0,0,334,317,0,0,0,0,0,0,67,100
984798,99,204,4125,0,0,0,0,0,4125,0,0,0,-310,0,0,0,336,319,0,0,0,0,0,0,67,100
985798,99,1055,4125,0,0,0,0,0,4125,0,0,0,-310,0,0,0,336,317,0,0,0,0,0,0,67,100
986798,99,24,4125,0,0,0,0,0,4125,0,0,0,-310,0,0,0,332,319,0,0,0,0,0,0,67,100
987798,99,1485,4125,0,0,0,0,0,4125,0,0,0,-310,0,0,0,338,319,0,0,0,0,0,0,67,100
988798,99,1811,4125,0,0,0,0,0,4125,0,0,0,-310,0,0,0,336,321,0,0,0,0,0,0,67,100
989798,99,2023,4125,0,0,0,0,0,4125,0,0,0,-310,0,0,0,334,321,0,0,0,0,0,0,67,100
990798,99,2163,4125,0,0,0,0,0,4125,0,0,0,-310,0,0,0,334,319,0,0,0,0,0,0,67,100
991798,99,270,4125,0,0,0,0,0,4125,0,0,0,-310,0,0,0,334,319,0,0,0,0,0,0,67,100
992798,99,31,4125,0,0,0,0,0,4125,0,0,0,-310,0,0,0,334,315,0,0,0,0,0,0,67,100
993798,99,36,4125,0,0,0,0,0,4125,0,0,0,-310,0,0,0,332,317,0,0,0,0,0,0,67,100
994805,99,1058,4125,0,0,0,0,0,4125,0,0,0,-310,0,0,0,334,317,0,0,0,0,0,0,67,100
995798,99,2328,4125,0,0,0,0,0,4125,0,0,0,-310,0,0,0,334,321,0,0,0,0,0,0,67,100
996821,99,871,4125,0,0,0,0,0,4125,0,0,0,-310,0,0,0,334,319,0,0,0,0,0,0,67,100
997798,99,246,4125,0,0,0,0,0,4125,0,0,0,-310,0,0,0,338,315,0,0,0,0,0,0,67,100
998798,99,55,4125,0,0,0,0,0,4125,0,0,0,-310,0,0,0,336,317,0,0,0,0,0,0,67,100
999798,99,57,4125,0,0,0,0,0,4125,0,0,0,-310,0,0,0,334,317,0,0,0,0,0,0,67,100
1000798,99,102,4125,0,0,0,0,0,4125,0,0,0,-310,0,0,0,332,317,0,0,0,0,0,0,67,100
1001795,99,123,4125,0,0,0,0,0,4125,0,0,0,-310,0,0,0,332,317,0,0,0,0,0,0,67,100
1002798,99,84,4125,0,0,0,0,0,4125,0,0,0,-310,0,0,0,332,319,0,0,0,0,0,0,67,100
1003798,99,50,4125,0,0,0,0,0,4125,0,0,0,-310,0,0,0,334,317,0,0,0,0,0,0,66,100
1004798,99,309,4125,0,0,0,0,0,4125,0,0,0,-310,0,0,0,338,313,0,0,0,0,0,0,67,100
1005798,99,2222,4125,0,0,0,0,0,4125,0,0,0,-310,0,0,0,334,315,0,0,0,0,0,0,67,100
1006798,99,1276,4125,0,0,0,0,0,4125,0,0,0,-310,0,0,0,334,317,0,0,0,0,0,0,67,100
1007798,99,1051,4125,0,0,0,0,0,4125,0,0,0,-310,0,0,0,334,321,0,0,0,0,0,0,67,100
1008798,99,413,4125,0,0,0,0,0,4125,0,0,0,-310,0,0,0,336,319,0,0,0,0,0,0,67,100
1009821,99,35,4125,0,0,0,0,0,4125,0,0,0,-310,0,0,0,336,319,0,0,0,0,0,0,66,100
1010798,99,2209,4125,0,0,0,0,0,4125,0,0,0,-310,0,0,0,334,319,0,0,0,0,0,0,66,100
1011798,99,33,4125,0,0,0,0,0,4125,0,0,0,-310,0,0,0,332,313,0,0,0,0,0,0,67,100
1012798,99,131,4125,0,0,0,0,0,4125,0,0,0,-310,0,0,0,332,315,0,0,0,0,0,0,67,100
1013798,99,29,4125,0,0,0,0,0,4125,0,0,0,-310,0,0,0,332,317,0,0,0,0,0,0,66,100
1014798,99,1089,4125,0,0,0,0,0,4125,0,0,0,-310,0,0,0,332,317,0,0,0,0,0,0,66,100
1015798,99,70,4125,0,0,0,0,0,4125,0,0,0,-310,0,0,0,332,317,0,0,0,0,0,0,67,100
1016798,99,67,4125,0,0,0,0,0,4125,0,0,0,-310,0,0,0,334,315,0,0,0,0,0,0,66,100
1017798,99,1444,4125,0,0,0,0,0,4125,0,0,0,-310,0,0,0,330,319,0,0,0,0,0,0,67,100
1018798,99,60,4125,0,0,0,0,0,4125,0,0,0,-310,0,0,0,330,317,0,0,0,0,0,0,67,100
1019798,99,503,4125,0,0,0,0,0,4125,0,0,0,-310,0,0,0,332,321,0,0,0,0,0,0,67,100
1020798,99,1610,4125,0,0,0,0,0,4125,0,0,0,-310,0,0,0,332,321,0,0,0,0,0,0,67,100
1021798,99,24,4125,0,0,0,0,0,4125,0,0,0,-310,0,0,0,336,311,0,0,0,0,0,0,66,100
1022798,99,2445,4125,0,0,0,0,0,4125,0,0,0,-310,0,0,0,332,317,0,0,0,0,0,0,66,100
1023798,99,25,4125,0,0,0,0,0,4125,0,0,0,-310,0,0,0,334,319,0,0,0,0,0,0,66,100
1024798,99,49,4125,0,0,0,0,0,4125,0,0,0,-310,0,0,0,332,321,0,0,0,0,0,0,67,100
1025798,99,50,4125,0,0,0,0,0,4125,0,0,0,-310,0,0,0,336,317,0,0,0,0,0,0,66,100
1026798,99,1346,4125,0,0,0,0,0,4125,0,0,0,-310,0,0,0,332,319,0,0,0,0,0,0,66,100
1027805,99,2451,4125,0,0,0,0,0,4125,0,0,0,-310,0,0,0,332,315,0,0,0,0,0,0,66,100
1028798,99,1697,4125,0,0,0,0,0,4125,0,0,0,-310,0,0,0,330,319,0,0,0,0,0,0,67,100
1029798,99,1172,4125,0,0,0,0,0,4125,0,0,0,-310,0,0,0,334,319,0,0,0,0,0,0,67,100
1030798,99,25,4125,0,0,0,0,0,4125,0,0,0,-310,0,0,0,334,317,0,0,0,0,0,0,66,100
1031798,99,2458,4125,0,0,0,0,0,4125,0,0,0,-310,0,0,0,334,321,0,0,0,0,0,0,66,100
1032821,99,1460,4125,0,0,0,0,0,4125,0,0,0,-310,0,0,0,334,317,0,0,0,0,0,0,66,100
1033798,99,203,4125,0,0,0,0,0,4125,0,0,0,-310,0,0,0,332,323,0,0,0,0,0,0,67,100
1034805,99,2235,4125,0,0,0,0,0,4125,0,0,0,-310,0,0,0,332,317,0,0,0,0,0,0,66,100
1035798,99,1509,4125,0,0,0,0,0,4125,0,0,0,-310,0,0,0,332,319,0,0,0,0,0,0,66,100
1036798,99,32,4125,0,0,0,0,0,4125,0,0,0,-310,0,0,0,328,317,0,0,0,0,0,0,67,100
1037798,99,40,4125,0,0,0,0,0,4125,0,0,0,-310,0,0,0,330,319,0,0,0,0,0,0,66,100
1038821,99,1800,4125,0,0,0,0,0,4125,0,0,0,-310,0,0,0,336,319,0,0,0,0,0,0,66,100
1039798,99,1336,4125,0,0,0,0,0,4125,0,0,0,-310,0,0,0,332,321,0,0,0,0,0,0,66,100
1040798,99,1437,4125,0,0,0,0,0,4125,0,0,0,-310,0,0,0,332,319,0,0,0,0,0,0,66,100
1041805,99,120,4124,0,0,0,0,0,4124,0,0,0,-310,0,0,0,332,317,0,0,0,0,0,0,67,100
1042798,99,998,4125,0,0,0,0,0,4125,0,0,0,-310,0,0,0,330,317,0,0,0,0,0,0,67,100
1043798,99,1581,4125,0,0,0,0,0,4125,0,0,0,-310,0,0,0,334,319,0,0,0,0,0,0,67,100
1044798,99,1534,4125,0,0,0,0,0,4125,0,0,0,-310,0,0,0,328,317,0,0,0,0,0,0,66,100
1045798,99,24,4125,0,0,0,0,0,4125,0,0,0,-310,0,0,0,334,321,0,0,0,0,0,0,66,100
1046795,99,61,4124,0,0,0,0,0,4124,0,0,0,-310,0,0,0,332,323,0,0,0,0,0,0,66,100
1047798,99,29,4125,0,0,0,0,0,4125,0,0,0,-310,0,0,0,334,319,0,0,0,0,0,0,66,100
1048798,99,339,4125,0,0,0,0,0,4125,0,0,0,-310,0,0,0,334,317,0,0,0,0,0,0,66,100
1049798,99,43,4125,0,0,0,0,0,4125,0,0,0,-310,0,0,0,330,315,0,0,0,0,0,0,66,100
1050821,99,453,4125,0,0,0,0,0,4125,0,0,0,-310,0,0,0,334,317,0,0,0,0,0,0,66,100
1051798,99,531,4125,0,0,0,0,0,4125,0,0,0,-310,0,0,0,334,317,0,0,0,0,0,0,66,100
1052798,99,291,4125,0,0,0,0,0,4125,0,0,0,-310,0,0,0,332,319,0,0,0,0,0,0,66,100
1053798,99,2351,4125,0,0,0,0,0,4125,0,0,0,-310,0,0,0,332,319,0,0,0,0,0,0,66,100
1054821,99,877,4124,0,0,0,0,0,4124,0,0,0,-310,0,0,0,334,317,0,0,0,0,0,0,66,100
1055798,99,2198,4125,0,0,0,0,0,4125,0,0,0,-310,0,0,0,332,321,0,0,0,0,0,0,66,100
1056798,99,1135,4125,0,0,0,0,0,4125,0,0,0,-310,0,0,0,332,321,0,0,0,0,0,0,66,100
1057798,99,426,4124,0,0,0,0,0,4124,0,0,0,-310,0,0,0,332,319,0,0,0,0,0,0,66,100
1058798,99,854,4125,0,0,0,0,0,4125,0,0,0,-310,0,0,0,334,315,0,0,0,0,0,0,66,100
1059798,99,1344,4125,0,0,0,0,0,4125,0,0,0,-310,0,0,0,332,315,0,0,0,0,0,0,67,100
1060798,99,1148,4125,0,0,0,0,0,4125,0,0,0,-310,0,0,0,334,317,0,0,0,0,0,0,66,100
1061798,99,471,4125,0,0,0,0,0,4125,0,0,0,-310,0,0,0,334,317,0,0,0,0,0,0,67,100
1062798,99,84,4125,0,0,0,0,0,4125,0,0,0,-310,0,0,0,332,317,0,0,0,0,0,0,66,100
1063798,99,814,4125,0,0,0,0,0,4125,0,0,0,-310,0,0,0,332,315,0,0,0,0,0,0,66,100
1064798,99,932,4124,0,0,0,0,0,4124,0,0,0,-310,0,0,0,332,315,0,0,0,0,0,0,66,100
1065798,99,1357,4125,0,0,0,0,0,4125,0,0,0,-310,0,0,0,330,319,0,0,0,0,0,0,66,100
1066798,99,92,4125,0,0,0,0,0,4125,0,0,0,-310,0,0,0,332,319,0,0,0,0,0,0,66,100
1067798,99,1748,4125,0,0,0,0,0,4125,0,0,0,-310,0,0,0,334,321,0,0,0,0,0,0,66,100
1068798,99,29,4125,0,0,0,0,0,4125,0,0,0,-310,0,0,0,332,319,0,0,0,0,0,0,66,100
1069798,99,2109,4124,0,0,0,0,0,4124,0,0,0,-310,0,0,0,334,321,0,0,0,0,0,0,66,100
1070821,99,1802,4124,0,0,0,0,0,4124,0,0,0,-310,0,0,0,334,321,0,0,0,0,0,0,66,100
1071798,99,829,4124,0,0,0,0,0,4124,0,0,0,-310,0,0,0,330,319,0,0,0,0,0,0,66,100
1072798,99,818,4125,0,0,0,0,0,4125,0,0,0,-310,0,0,0,336,319,0,0,0,0,0,0,66,100
1073798,99,2005,4124,0,0,0,0,0,4124,0,0,0,-310,0,0,0,332,319,0,0,0,0,0,0,66,100
1074798,99,2201,4124,0,0,0,0,0,4124,0,0,0,-310,0,0,0,326,317,0,0,0,0,0,0,66,100
1075798,99,2446,4125,0,0,0,0,0,4125,0,0,0,-310,0,0,0,332,315,0,0,0,0,0,0,66,100
1076798,99,175,4125,0,0,0,0,0,4125,0,0,0,-310,0,0,0,334,319,0,0,0,0,0,0,66,100
1077798,99,28,4124,0,0,0,0,0,4124,0,0,0,-310,0,0,0,334,321,0,0,0,0,0,0,66,100
1078798,99,302,4124,0,0,0,0,0,4124,0,0,0,-310,0,0,0,336,321,0,0,0,0,0,0,66,100
1079798,99,127,4124,0,0,0,0,0,4124,0,0,0,-310,0,0,0,330,317,0,0,0,0,0,0,66,100
1080821,99,2390,4125,0,0,0,0,0,4125,0,0,0,-310,0,0,0,332,319,0,0,0,0,0,0,66,100
1081798,99,1688,4124,0,0,0,0,0,4124,0,0,0,-310,0,0,0,332,319,0,0,0,0,0,0,66,100
1082798,99,34,4125,0,0,0,0,0,4125,0,0,0,-310,0,0,0,332,319,0,0,0,0,0,0,66,100
1083798,99,1621,4124,0,0,0,0,0,4124,0,0,0,-310,0,0,0,328,317,0,0,0,0,0,0,66,100
1084798,99,99,4124,0,0,0,0,0,4124,0,0,0,-310,0,0,0,328,321,0,0,0,0,0,0,66,100
1085821,99,1956,4124,0,0,0,0,0,4124,0,0,0,-310,0,0,0,332,315,0,0,0,0,0,0,66,100
1086798,99,207,4124,0,0,0,0,0,4124,0,0,0,-310,0,0,0,330,315,0,0,0,0,0,0,66,100
1087798,99,91,4124,0,0,0,0,0,4124,0,0,0,-310,0,0,0,330,317,0,0,0,0,0,0,66,100
1088798,99,1249,4124,0,0,0,0,0,4124,0,0,0,-310,0,0,0,332,317,0,0,0,0,0,0,66,100
1089798,99,65,4124,0,0,0,0,0,4124,0,0,0,-310,0,0,0,334,319,0,0,0,0,0,0,66,100
1090795,99,1868,4124,0,0,0,0,0,4124,0,0,0,-310,0,0,0,332,321,0,0,0,0,0,0,66,100
1091798,99,650,4124,0,0,0,0,0,4124,0,0,0,-310,0,0,0,326,319,0,0,0,0,0,0,66,100
1092798,99,942,4124,0,0,0,0,0,4124,0,0,0,-310,0,0,0,332,319,0,0,0,0,0,0,66,100
1093798,99,2417,4124,0,0,0,0,0,4124,0,0,0,-310,0,0,0,330,319,0,0,0,0,0,0,66,100
1094798,99,95,4124,0,0,0,0,0,4124,0,0,0,-310,0,0,0,328,319,0,0,0,0,0,0,66,100
1095798,99,2105,4124,0,0,0,0,0,4124,0,0,0,-310,0,0,0,332,315,0,0,0,0,0,0,66,100
1096798,99,192,4124,0,0,0,0,0,4124,0,0,0,-310,0,0,0,334,315,0,0,0,0,0,0,66,100
1097798,99,108,4124,0,0,0,0,0,4124,0,0,0,-310,0,0,0,334,317,0,0,0,0,0,0,66,100
1098798,99,74,4124,0,0,0,0,0,4124,0,0,0,-310,0,0,0,334,315,0,0,0,0,0,0,66,100
1099798,99,21,4124,0,0,0,0,0,4124,0,0,0,-310,0,0,0,334,319,0,0,0,0,0,0,66,100
1100798,99,1442,4124,0,0,0,0,0,4124,0,0,0,-310,0,0,0,332,317,0,0,0,0,0,0,66,100
1101798,99,1281,4124,0,0,0,0,0,4124,0,0,0,-310,0,0,0,332,317,0,0,0,0,0,0,66,100
1102798,99,1424,4124,0,0,0,0,0,4124,0,0,0,-310,0,0,0,334,319,0,0,0,0,0,0,66,100
1103798,99,1485,4124,0,0,0,0,0,4124,0,0,0,-310,0,0,0,332,319,0,0,0,0,0,0,66,100
1104798,99,88,4124,0,0,0,0,0,4124,0,0,0,-310,0,0,0,330,317,0,0,0,0,0,0,66,100
1105798,99,1462,4124,0,0,0,0,0,4124,0,0,0,-310,0,0,0,334,319,0,0,0,0,0,0,66,100
1106798,99,526,4124,0,0,0,0,0,4124,0,0,0,-310,0,0,0,334,319,0,0,0,0,0,0,66,100
1107798,99,42,4124,0,0,0,0,0,4124,0,0,0,-310,0,0,0,332,315,0,0,0,0,0,0,66,100
1108798,99,1726,4124,0,0,0,0,0,4124,0,0,0,-310,0,0,0,332,317,0,0,0,0,0,0,66,100
1109798,99,239,4124,0,0,0,0,0,4124,0,0,0,-310,0,0,0,332,315,0,0,0,0,0,0,66,100
1110798,99,2167,4124,0,0,0,0,0,4124,0,0,0,-310,0,0,0,334,319,0,0,0,0,0,0,66,100
1111798,99,142,4124,0,0,0,0,0,4124,0,0,0,-310,0,0,0,332,317,0,0,0,0,0,0,66,100
1112798,99,61,4124,0,0,0,0,0,4124,0,0,0,-310,0,0,0,328,317,0,0,0,0,0,0,66,100
1113798,99,1683,4124,0,0,0,0,0,4124,0,0,0,-310,0,0,0,332,323,0,0,0,0,0,0,66,100
1114798,99,197,4124,0,0,0,0,0,4124,0,0,0,-310,0,0,0,332,319,0,0,0,0,0,0,66,100
1115798,99,24,4124,0,0,0,0,0,4124,0,0,0,-310,0,0,0,334,317,0,0,0,0,0,0,66,100
1116798,99,441,4124,0,0,0,0,0,4124,0,0,0,-310,0,0,0,334,323,0,0,0,0,0,0,66,100
1117821,99,1142,4124,0,0,0,0,0,4124,0,0,0,-310,0,0,0,328,321,0,0,0,0,0,0,66,100
1118798,99,28,4124,0,0,0,0,0,4124,0,0,0,-310,0,0,0,332,321,0,0,0,0,0,0,66,100
1119798,99,334,4124,0,0,0,0,0,4124,0,0,0,-310,0,0,0,332,319,0,0,0,0,0,0,66,100
1120798,99,352,4124,0,0,0,0,0,4124,0,0,0,-310,0,0,0,332,321,0,0,0,0,0,0,66,100
1121798,99,2222,4124,0,0,0,0,0,4124,0,0,0,-310,0,0,0,332,319,0,0,0,0,0,0,66,100
1122798,99,2430,4124,0,0,0,0,0,4124,0,0,0,-310,0,0,0,332,321,0,0,0,0,0,0,66,100
1123798,99,1330,4124,0,0,0,0,0,4124,0,0,0,-310,0,0,0,330,317,0,0,0,0,0,0,66,100
1124798,99,1534,4124,0,0,0,0,0,4124,0,0,0,-310,0,0,0,334,319,0,0,0,0,0,0,66,100
1125798,99,1567,4124,0,0,0,0,0,4124,0,0,0,-310,0,0,0,336,317,0,0,0,0,0,0,66,100
1126798,99,1723,4124,0,0,0,0,0,4124,0,0,0,-310,0,0,0,328,319,0,0,0,0,0,0,66,100
1127798,99,1654,4124,0,0,0,0,0,4124,0,0,0,-310,0,0,0,332,321,0,0,0,0,0,0,66,100
1128795,99,1016,4124,0,0,0,0,0,4124,0,0,0,-310,0,0,0,332,317,0,0,0,0,0,0,66,100
1129798,99,219,4124,0,0,0,0,0,4124,0,0,0,-310,0,0,0,328,317,0,0,0,0,0,0,66,100
1130805,99,933,4124,0,0,0,0,0,4124,0,0,0,-310,0,0,0,332,321,0,0,0,0,0,0,66,100
1131798,99,36,4124,0,0,0,0,0,4124,0,0,0,-310,0,0,0,332,317,0,0,0,0,0,0,66,100
1132798,99,147,4124,0,0,0,0,0,4124,0,0,0,-310,0,0,0,330,319,0,0,0,0,0,0,66,100
1133798,99,254,4124,0,0,0,0,0,4124,0,0,0,-310,0,0,0,332,317,0,0,0,0,0,0,66,100
1134798,99,44,4124,0,0,0,0,0,4124,0,0,0,-310,0,0,0,328,319,0,0,0,0,0,0,66,100
1135821,99,339,4124,0,0,0,0,0,4124,0,0,0,-310,0,0,0,336,319,0,0,0,0,0,0,66,100
1136795,99,234,4124,0,0,0,0,0,4124,0,0,0,-310,0,0,0,330,315,0,0,0,0,0,0,66,100
1137798,99,51,4124,0,0,0,0,0,4124,0,0,0,-310,0,0,0,330,317,0,0,0,0,0,0,66,100
1138798,99,129,4124,0,0,0,0,0,4124,0,0,0,-310,0,0,0,334,317,0,0,0,0,0,0,66,100
1139821,99,34,4124,0,0,0,0,0,4124,0,0,0,-310,0,0,0,330,321,0,0,0,0,0,0,66,100
1140795,99,48,4124,0,0,0,0,0,4124,0,0,0,-310,0,0,0,332,317,0,0,0,0,0,0,66,100
1141821,99,309,4124,0,0,0,0,0,4124,0,0,0,-310,0,0,0,330,321,0,0,0,0,0,0,66,100
1142798,99,799,4124,0,0,0,0,0,4124,0,0,0,-310,0,0,0,328,321,0,0,0,0,0,0,66,100
1143798,99,23,4124,0,0,0,0,0,4124,0,0,0,-310,0,0,0,330,317,0,0,0,0,0,0,66,100
1144805,99,153,4124,0,0,0,0,0,4124,0,0,0,-310,0,0,0,330,317,0,0,0,0,0,0,66,100
1145798,99,1207,4124,0,0,0,0,0,4124,0,0,0,-310,0,0,0,334,319,0,0,0,0,0,0,66,100
1146798,99,2483,4124,0,0,0,0,0,4124,0,0,0,-310,0,0,0,330,319,0,0,0,0,0,0,66,100
1147798,99,2485,4124,0,0,0,0,0,4124,0,0,0,-310,0,0,0,332,319,0,0,0,0,0,0,66,100
1148798,99,1503,4124,0,0,0,0,0,4124,0,0,0,-310,0,0,0,334,319,0,0,0,0,0,0,66,100
1149798,99,70,4124,0,0,0,0,0,4124,0,0,0,-310,0,0,0,332,321,0,0,0,0,0,0,66,100
1150798,99,30,4124,0,0,0,0,0,4124,0,0,0,-310,0,0,0,332,321,0,0,0,0,0,0,66,100
1151798,99,391,4124,0,0,0,0,0,4124,0,0,0,-310,0,0,0,330,317,0,0,0,0,0,0,66,100
1152798,99,23,4124,0,0,0,0,0,4124,0,0,0,-310,0,0,0,332,319,0,0,0,0,0,0,66,100
1153821,99,486,4124,0,0,0,0,0,4124,0,0,0,-310,0,0,0,330,315,0,0,0,0,0,0,66,100
1154798,99,43,4124,0,0,0,0,0,4124,0,0,0,-310,0,0,0,334,321,0,0,0,0,0,0,66,100
1155798,99,103,4124,0,0,0,0,0,4124,0,0,0,-310,0,0,0,330,319,0,0,0,0,0,0,66,100
1156798,99,681,4124,0,0,0,0,0,4124,0,0,0,-310,0,0,0,334,321,0,0,0,0,0,0,66,100
1157798,99,1411,4124,0,0,0,0,0,4124,0,0,0,-310,0,0,0,330,319,0,0,0,0,0,0,66,100
1158798,99,28,4124,0,0,0,0,0,4124,0,0,0,-310,0,0,0,332,319,0,0,0,0,0,0,66,100
1159798,99,707,4124,0,0,0,0,0,4124,0,0,0,-310,0,0,0,328,319,0,0,0,0,0,0,66,100
1160798,99,47,4124,0,0,0,0,0,4124,0,0,0,-310,0,0,0,334,317,0,0,0,0,0,0,66,100
1161798,99,1512,4124,0,0,0,0,0,4124,0,0,0,-310,0,0,0,326,319,0,0,0,0,0,0,66,100
1162798,99,560,4124,0,0,0,0,0,4124,0,0,0,-310,0,0,0,328,319,0,0,0,0,0,0,66,100
1163798,99,49,4124,0,0,0,0,0,4124,0,0,0,-310,0,0,0,328,321,0,0,0,0,0,0,66,100
1164798,99,32,4124,0,0,0,0,0,4124,0,0,0,-310,0,0,0,332,323,0,0,0,0,0,0,66,100
1165798,99,52,4124,0,0,0,0,0,4124,0,0,0,-310,0,0,0,330,319,0,0,0,0,0,0,66,100
1166798,99,63,4124,0,0,0,0,0,4124,0,0,0,-310,0,0,0,332,319,0,0,0,0,0,0,66,100
1167798,99,1387,4124,0,0,0,0,0,4124,0,0,0,-310,0,0,0,330,317,0,0,0,0,0,0,66,100
1168798,99,45,4124,0,0,0,0,0,4124,0,0,0,-310,0,0,0,330,319,0,0,0,0,0,0,66,100
1169798,99,680,4124,0,0,0,0,0,4124,0,0,0,-310,0,0,0,330,319,0,0,0,0,0,0,66,100
1170798,99,269,4124,0,0,0,0,0,4124,0,0,0,-310,0,0,0,332,321,0,0,0,0,0,0,66,100
1171798,99,522,4124,0,0,0,0,0,4124,0,0,0,-310,0,0,0,330,321,0,0,0,0,0,0,66,100
1172798,99,131,4124,0,0,0,0,0,4124,0,0,0,-310,0,0,0,328,321,0,0,0,0,0,0,66,100
1173821,99,120,4124,0,0,0,0,0,4124,0,0,0,-310,0,0,0,330,319,0,0,0,0,0,0,66,100
1174798,99,51,4124,0,0,0,0,0,4124,0,0,0,-310,0,0,0,330,315,0,0,0,0,0,0,66,100
1175798,99,2301,4124,0,0,0,0,0,4124,0,0,0,-310,0,0,0,328,321,0,0,0,0,0,0,66,100
1176798,99,2227,4124,0,0,0,0,0,4124,0,0,0,-310,0,0,0,332,319,0,0,0,0,0,0,66,100
1177798,99,1427,4124,0,0,0,0,0,4124,0,0,0,-310,0,0,0,332,319,0,0,0,0,0,0,66,100
1178821,99,21,4124,0,0,0,0,0,4124,0,0,0,-310,0,0,0,330,321,0,0,0,0,0,0,66,100
1179798,99,1281,4124,0,0,0,0,0,4124,0,0,0,-310,0,0,0,330,319,0,0,0,0,0,0,66,100
1180798,99,1576,4124,0,0,0,0,0,4124,0,0,0,-310,0,0,0,325,319,0,0,0,0,0,0,66,100
1181805,99,43,4124,0,0,0,0,0,4124,0,0,0,-310,0,0,0,334,321,0,0,0,0,0,0,66,100
1182821,99,1281,4124,0,0,0,0,0,4124,0,0,0,-310,0,0,0,330,317,0,0,0,0,0,0,66,100
1183821,99,2200,4124,0,0,0,0,0,4124,0,0,0,-310,0,0,0,332,317,0,0,0,0,0,0,66,100
1184798,99,309,4124,0,0,0,0,0,4124,0,0,0,-310,0,0,0,330,317,0,0,0,0,0,0,66,100
1185798,99,259,4124,0,0,0,0,0,4124,0,0,0,-310,0,0,0,332,319,0,0,0,0,0,0,66,100
1186795,99,1886,4124,0,0,0,0,0,4124,0,0,0,-310,0,0,0,330,319,0,0,0,0,0,0,66,100
1187798,99,105,4124,0,0,0,0,0,4124,0,0,0,-310,0,0,0,330,321,0,0,0,0,0,0,66,100
1188798,99,1022,4124,0,0,0,0,0,4124,0,0,0,-310,0,0,0,328,315,0,0,0,0,0,0,66,100
1189821,99,1563,4124,0,0,0,0,0,4124,0,0,0,-310,0,0,0,330,317,0,0,0,0,0,0,65,100
1190798,99,2360,4124,0,0,0,0,0,4124,0,0,0,-310,0,0,0,326,317,0,0,0,0,0,0,66,100
1191798,99,30,4124,0,0,0,0,0,4124,0,0,0,-310,0,0,0,332,321,0,0,0,0,0,0,66,100
1192798,99,175,4124,0,0,0,0,0,4124,0,0,0,-310,0,0,0,328,321,0,0,0,0,0,0,66,100
1193798,99,1912,4124,0,0,0,0,0,4124,0,0,0,-310,0,0,0,332,317,0,0,0,0,0,0,66,100
1194798,99,1390,4124,0,0,0,0,0,4124,0,0,0,-310,0,0,0,332,319,0,0,0,0,0,0,66,100
1195798,99,790,4124,0,0,0,0,0,4124,0,0,0,-310,0,0,0,328,319,0,0,0,0,0,0,66,100
1196798,99,2175,4124,0,0,0,0,0,4124,0,0,0,-310,0,0,0,330,317,0,0,0,0,0,0,66,100
1197798,99,1822,4124,0,0,0,0,0,4124,0,0,0,-310,0,0,0,328,321,0,0,0,0,0,0,66,100
1198798,99,678,4124,0,0,0,0,0,4124,0,0,0,-310,0,0,0,330,317,0,0,0,0,0,0,66,100
1199798,99,42,4124,0,0,0,0,0,4124,0,0,0,-310,0,0,0,328,319,0,0,0,0,0,0,66,100
1200798,99,2439,4124,0,0,0,0,0,4124,0,0,0,-310,0,0,0,326,317,0,0,0,0,0,0,66,100
1201798,99,352,4124,0,0,0,0,0,4124,0,0,0,-310,0,0,0,326,319,0,0,0,0,0,0,66,100
1202798,99,139,4124,0,0,0,0,0,4124,0,0,0,-310,0,0,0,330,313,0,0,0,0,0,0,65,100
1203798,99,464,4124,0,0,0,0,0,4124,0,0,0,-310,0,0,0,328,317,0,0,0,0,0,0,65,100
1204798,99,354,4124,0,0,0,0,0,4124,0,0,0,-310,0,0,0,332,317,0,0,0,0,0,0,66,100
1205798,99,233,4124,0,0,0,0,0,4124,0,0,0,-310,0,0,0,330,317,0,0,0,0,0,0,66,100
1206798,99,184,4124,0,0,0,0,0,4124,0,0,0,-310,0,0,0,330,319,0,0,0,0,0,0,66,100
1207798,99,22,4124,0,0,0,0,0,4124,0,0,0,-310,0,0,0,330,319,0,0,0,0,0,0,66,100
1208805,99,189,4124,0,0,0,0,0,4124,0,0,0,-310,0,0,0,328,317,0,0,0,0,0,0,66,100
1209821,99,581,4124,0,0,0,0,0,4124,0,0,0,-310,0,0,0,328,317,0,0,0,0,0,0,65,100
1210798,99,67,4124,0,0,0,0,0,4124,0,0,0,-310,0,0,0,328,317,0,0,0,0,0,0,66,100
1211798,99,185,4124,0,0,0,0,0,4124,0,0,0,-310,0,0,0,332,319,0,0,0,0,0,0,65,100
1212798,99,31,4124,0,0,0,0,0,4124,0,0,0,-310,0,0,0,328,317,0,0,0,0,0,0,66,100
1213798,99,26,4124,0,0,0,0,0,4124,0,0,0,-310,0,0,0,330,317,0,0,0,0,0,0,65,100
