Time,Voltage,Temperature,Temperature,Temperature,Time,Current
Second,,,,,second,A
,Voltage,Edge,Center,Tip,,Leakage-Current
0,4.1755,24.6,24.7,23.6,0,0.0159
1,4.1755,24.6,24.8,23.6,1,0.0159
2,4.1755,24.7,24.8,23.6,2,0.0155
3,4.1755,24.7,24.8,23.6,3,0.0155
4,4.1755,24.7,24.8,23.6,4,0.0152
5,4.1755,24.6,24.8,23.6,5,0.015
6,4.175,24.6,24.7,23.6,6,0.0149
7,4.1755,24.6,24.7,23.5,7,0.015
8,4.176,24.8,24.9,23.6,8,0.0152
9,4.176,24.8,24.9,23.6,9,0.0149
10,4.176,24.8,24.9,23.6,10,0.015
11,4.1755,24.7,24.9,23.6,11,0.0152
12,4.1755,24.7,24.8,23.6,12,0.0152
13,4.1755,24.6,24.7,23.6,13,0.0151
14,4.176,24.6,24.8,23.6,14,0.0149
15,4.176,24.7,24.8,23.5,15,0.0147
16,4.176,24.8,24.9,23.6,16,0.0143
17,4.176,24.8,24.9,23.6,17,0.0143
18,4.176,24.8,24.9,23.6,18,0.0144
19,4.1755,24.6,24.7,23.5,19,0.0143
20,4.1755,24.6,24.7,23.5,20,0.0145
21,4.1755,24.6,24.8,23.6,21,0.0148
22,4.176,24.6,24.8,23.6,22,0.0146
23,4.176,24.7,24.8,23.6,23,0.0147
24,4.176,24.8,24.9,23.6,24,0.0147
25,4.1755,24.6,24.7,23.5,25,0.0145
26,4.1755,24.6,24.7,23.5,26,0.0145
27,4.1755,24.6,24.7,23.5,27,0.0144
28,4.176,24.6,24.8,23.5,28,0.0147
29,4.1765,24.7,24.8,23.5,29,0.0147
30,4.176,24.8,24.9,23.6,30,0.0145
31,4.175,24.6,24.7,23.5,31,0.0146
32,4.1755,24.6,24.7,23.5,32,0.0147
33,4.1755,24.6,24.7,23.5,33,0.0148
34,4.1755,24.6,24.8,23.5,34,0.0148
35,4.176,24.7,24.8,23.6,35,0.0148
36,4.176,24.8,24.9,23.6,36,0.0148
37,4.1755,24.6,24.7,23.6,37,0.0147
38,4.1755,24.6,24.8,23.6,38,0.0147
39,4.176,24.6,24.8,23.5,39,0.015
40,4.176,24.6,24.8,23.5,40,0.0149
41,4.176,24.6,24.8,23.6,41,0.0147
42,4.176,24.7,24.8,23.5,42,0.0146
43,4.1755,24.7,24.8,23.6,43,0.0145
44,4.1755,24.6,24.8,23.6,44,0.0146
45,4.175,24.6,24.8,23.6,45,0.0145
46,4.1755,24.6,24.7,23.5,46,0.0144
47,4.1755,24.6,24.7,23.6,47,0.0145
48,4.175,24.6,24.8,23.6,48,0.0143
49,4.1765,24.8,24.9,23.6,49,0.0142
50,4.176,24.8,24.9,23.6,50,0.0143
51,4.176,24.8,24.9,23.6,51,0.014
52,4.176,24.8,24.9,23.6,52,0.014
53,4.1765,24.8,24.9,23.6,53,0.0141
54,4.176,24.8,24.9,23.6,54,0.0141
55,4.1755,24.6,24.7,23.5,55,0.0142
56,4.1755,24.6,24.8,23.5,56,0.014
57,4.176,24.6,24.8,23.5,57,0.0141
58,4.176,24.6,24.8,23.5,58,0.0143
59,4.176,24.6,24.8,23.5,59,0.0146
60,4.1755,24.7,24.8,23.6,60,0.0143
61,4.1755,24.7,24.8,23.6,61,0.0144
62,4.1755,24.6,24.8,23.6,62,0.0141
63,4.1755,24.6,24.7,23.5,63,0.0142
64,4.1755,24.6,24.7,23.5,64,0.0144
65,4.1755,24.6,24.7,23.5,65,0.0139
66,4.176,24.8,24.9,23.6,66,0.0139
67,4.176,24.8,24.9,23.6,67,0.0138
68,4.1755,24.7,24.8,23.6,68,0.0139
69,4.1755,24.6,24.8,23.6,69,0.0137
70,4.175,24.6,24.7,23.5,70,0.0138
71,4.1755,24.6,24.7,23.5,71,0.0138
72,4.176,24.8,24.9,23.6,72,0.0141
73,4.176,24.7,24.9,23.6,73,0.0142
74,4.1755,24.6,24.8,23.6,74,0.0143
75,4.175,24.6,24.7,23.6,75,0.0144
76,4.176,24.6,24.8,23.5,76,0.0143
77,4.176,24.7,24.8,23.6,77,0.0145
78,4.1755,24.6,24.8,23.6,78,0.0139
79,4.1755,24.6,24.7,23.5,79,0.0143
80,4.1755,24.6,24.8,23.5,80,0.0145
81,4.176,24.7,24.8,23.5,81,0.0143
82,4.176,24.8,24.9,23.6,82,0.014
83,4.176,24.8,24.9,23.6,83,0.014
84,4.1765,24.6,24.8,23.6,84,0.014
85,4.176,24.8,24.9,23.6,85,0.0141
86,4.1755,24.8,24.9,23.6,86,0.0138
87,4.1755,24.7,24.8,23.6,87,0.0141
88,4.1755,24.6,24.7,23.5,88,0.0141
89,4.1755,24.6,24.8,23.6,89,0.0144
90,4.176,24.8,24.9,23.6,90,0.0142
91,4.1755,24.7,24.8,23.6,91,0.0143
92,4.1755,24.6,24.7,23.5,92,0.0142
93,4.1755,24.6,24.7,23.6,93,0.0138
94,4.1755,24.6,24.8,23.5,94,0.0138
95,4.176,24.7,24.8,23.6,95,0.014
96,4.176,24.7,24.8,23.6,96,0.0141
97,4.1755,24.6,24.8,23.5,97,0.0141
98,4.1755,24.6,24.7,23.5,98,0.014
99,4.1755,24.6,24.8,23.5,99,0.0139
100,4.176,24.6,24.8,23.6,100,0.0139
101,4.176,24.7,24.9,23.6,101,0.014
102,4.1755,24.7,24.8,23.6,102,0.0138
103,4.1755,24.6,24.8,23.6,103,0.0137
104,4.1755,24.6,24.8,23.6,104,0.0137
105,4.1755,24.6,24.7,23.6,105,0.0135
106,4.175,24.6,24.7,23.6,106,0.0139
107,4.176,24.8,24.9,23.6,107,0.0138
108,4.1765,24.8,24.9,23.6,108,0.0137
109,4.176,24.8,24.9,23.6,109,0.0138
110,4.1755,24.8,24.9,23.6,110,0.0137
111,4.176,24.8,24.9,23.6,111,0.0138
112,4.176,24.8,24.9,23.6,112,0.0139
113,4.176,24.6,24.8,23.6,113,0.0136
114,4.175,24.6,24.8,23.6,114,0.0136
115,4.176,24.6,24.8,23.6,115,0.0136
116,4.1755,24.6,24.8,23.6,116,0.0135
117,4.1755,24.6,24.8,23.6,117,0.0134
118,4.1755,24.6,24.8,23.5,118,0.0133
119,4.176,24.8,24.9,23.6,119,0.0132
120,4.176,24.8,24.9,23.6,120,0.0133
121,4.176,24.8,24.9,23.6,121,0.0131
122,4.1755,24.7,24.9,23.6,122,0.013
123,4.1755,24.7,24.9,23.6,123,0.0129
124,4.1755,24.7,24.9,23.6,124,0.0129
125,4.176,24.6,24.8,23.6,125,0.0128
126,4.1755,24.6,24.8,23.6,126,0.0129
127,4.176,24.6,24.8,23.6,127,0.013
128,4.1765,24.7,24.8,23.6,128,0.0131
129,4.176,24.7,24.8,23.6,129,0.013
130,4.176,24.7,24.8,23.6,130,0.013
131,4.1755,24.7,24.8,23.6,131,0.013
132,4.1755,24.7,24.8,23.6,132,0.013
133,4.1755,24.6,24.8,23.5,133,0.013
134,4.1755,24.6,24.8,23.6,134,0.0129
135,4.1755,24.6,24.7,23.6,135,0.0128
136,4.1755,24.6,24.8,23.6,136,0.0128
137,4.176,24.7,24.9,23.6,137,0.0128
138,4.1755,24.7,24.8,23.6,138,0.0127
139,4.1755,24.6,24.7,23.6,139,0.0126
140,4.176,24.6,24.8,23.6,140,0.0126
141,4.1765,24.6,24.8,23.6,141,0.0125
142,4.175,24.7,24.8,23.6,142,0.0125
143,4.175,24.6,24.7,23.6,143,0.0127
144,4.176,24.6,24.8,23.6,144,0.013
145,4.176,24.7,24.8,23.6,145,0.0129
146,4.176,24.8,24.9,23.6,146,0.0129
147,4.176,24.8,24.9,23.6,147,0.0129
148,4.176,24.6,24.8,23.6,148,0.0129
149,4.176,24.7,24.9,23.6,149,0.0128
150,4.176,24.8,24.9,23.6,150,0.0128
151,4.176,24.8,24.9,23.6,151,0.0128
152,4.1755,24.7,24.8,23.6,152,0.0128
153,4.175,24.6,24.7,23.6,153,0.0129
154,4.176,24.8,24.9,23.6,154,0.0129
155,4.176,24.7,24.9,23.6,155,0.0127
156,4.176,24.6,24.8,23.6,156,0.0128
157,4.176,24.6,24.8,23.6,157,0.0129
158,4.1755,24.6,24.8,23.6,158,0.013
159,4.1765,24.7,24.8,23.6,159,0.0128
160,4.176,24.6,24.8,23.6,160,0.0127
161,4.1755,24.6,24.8,23.6,161,0.0128
162,4.1755,24.6,24.8,23.6,162,0.0129
163,4.1765,24.7,24.8,23.6,163,0.013
164,4.177,24.8,24.9,23.6,164,0.0128
165,4.176,24.8,24.9,23.7,165,0.0129
166,4.1755,24.6,24.8,23.6,166,0.013
167,4.176,24.7,24.8,23.6,167,0.013
168,4.1765,24.8,24.9,23.6,168,0.0128
169,4.176,24.8,24.9,23.7,169,0.0127
170,4.176,24.8,24.9,23.7,170,0.0128
171,4.1755,24.7,24.9,23.7,171,0.0127
172,4.1765,24.7,24.8,23.6,172,0.0128
173,4.176,24.8,24.9,23.7,173,0.0127
174,4.176,24.8,24.9,23.7,174,0.0127
175,4.1765,24.8,24.9,23.7,175,0.0127
176,4.1755,24.7,24.9,23.7,176,0.0127
177,4.1755,24.6,24.8,23.6,177,0.0126
178,4.176,24.8,24.9,23.7,178,0.0126
179,4.176,24.8,24.9,23.7,179,0.0125
180,4.176,24.8,24.9,23.7,180,0.0126
181,4.1755,24.7,24.8,23.7,181,0.0125
182,4.175,24.6,24.8,23.6,182,0.0124
183,4.1755,24.6,24.8,23.6,183,0.0125
184,4.1765,24.8,24.9,23.7,184,0.0126
185,4.176,24.8,24.9,23.7,185,0.0124
186,4.1755,24.7,24.9,23.6,186,0.0124
187,4.176,24.7,24.8,23.7,187,0.0127
188,4.1755,24.6,24.8,23.6,188,0.0125
189,4.176,24.8,24.9,23.7,189,0.0125
190,4.176,24.8,24.9,23.7,190,0.0124
191,4.1765,24.8,24.9,23.7,191,0.0125
192,4.176,24.8,24.9,23.7,192,0.0124
193,4.176,24.8,24.9,23.7,193,0.0125
194,4.1755,24.7,24.9,23.7,194,0.0125
195,4.176,24.7,24.8,23.6,195,0.0124
196,4.176,24.7,24.9,23.7,196,0.0124
197,4.1765,24.7,24.9,23.6,197,0.0124
198,4.176,24.8,24.9,23.7,198,0.0124
199,4.1765,24.8,24.9,23.7,199,0.0124
200,4.176,24.8,24.9,23.7,200,0.0124
201,4.1755,24.6,24.8,23.6,201,0.0123
202,4.176,24.6,24.8,23.7,202,0.0123
203,4.1755,24.6,24.8,23.6,203,0.0124
204,4.1755,24.6,24.8,23.7,204,0.0124
205,4.1755,24.6,24.8,23.7,205,0.0123
206,4.176,24.6,24.8,23.7,206,0.0123
207,4.1755,24.8,24.9,23.7,207,0.0124
208,4.176,24.8,24.9,23.7,208,0.0122
209,4.1765,24.8,24.9,23.7,209,0.0122
210,4.176,24.8,24.9,23.7,210,0.0121
211,4.176,24.8,24.9,23.7,211,0.0122
212,4.176,24.8,24.9,23.7,212,0.0121
213,4.1755,24.7,24.8,23.7,213,0.0121
214,4.1765,24.7,24.8,23.6,214,0.012
215,4.176,24.7,24.8,23.7,215,0.0122
216,4.176,24.7,24.8,23.7,216,0.0121
217,4.176,24.8,24.9,23.7,217,0.0122
218,4.1765,24.8,24.9,23.7,218,0.0124
219,4.176,24.6,24.8,23.7,219,0.0122
220,4.176,24.6,24.8,23.7,220,0.0122
221,4.1755,24.6,24.8,23.7,221,0.0121
222,4.176,24.7,24.9,23.7,222,0.0125
223,4.1755,24.7,24.9,23.7,223,0.0129
224,4.176,24.8,24.9,23.7,224,0.013
225,4.176,24.7,24.9,23.7,225,0.0129
226,4.176,24.7,24.8,23.7,226,0.0129
227,4.176,24.7,24.9,23.7,227,0.013
228,4.176,24.7,24.9,23.7,228,0.0129
229,4.176,24.8,24.9,23.8,229,0.0129
230,4.176,24.7,24.9,23.7,230,0.013
231,4.176,24.7,24.8,23.8,231,0.0129
232,4.176,24.7,24.8,23.7,232,0.013
233,4.176,24.7,24.9,23.8,233,0.013
234,4.176,24.8,24.9,23.7,234,0.013
235,4.1755,24.8,24.9,23.8,235,0.0131
236,4.176,24.7,24.9,23.8,236,0.0129
237,4.176,24.8,24.9,23.7,237,0.0128
238,4.176,24.7,24.9,23.8,238,0.013
239,4.176,24.7,24.9,23.8,239,0.0128
240,4.176,24.8,24.9,23.8,240,0.0128
241,4.176,24.7,24.9,23.8,241,0.0127
242,4.176,24.7,24.9,23.8,242,0.0127
243,4.176,24.7,24.9,23.8,243,0.0126
244,4.176,24.7,24.9,23.8,244,0.0127
245,4.176,24.8,24.9,23.8,245,0.0127
246,4.176,24.8,24.9,23.8,246,0.0127
247,4.176,24.8,24.9,23.8,247,0.0127
248,4.176,24.7,24.9,23.8,248,0.0126
249,4.176,24.8,24.9,23.9,249,0.0125
250,4.176,24.8,24.9,23.9,250,0.0126
251,4.176,24.8,24.9,23.8,251,0.0127
252,4.176,24.8,24.9,23.9,252,0.0126
253,4.176,24.8,24.9,23.8,253,0.0127
254,4.176,24.8,24.9,23.9,254,0.0126
255,4.176,24.8,24.9,23.9,255,0.0127
256,4.176,24.8,24.9,23.9,256,0.0126
257,4.176,24.7,24.9,23.9,257,0.0127
258,4.176,24.8,24.9,23.9,258,0.0126
259,4.176,24.7,24.9,23.9,259,0.0126
260,4.176,24.7,24.9,23.9,260,0.0125
261,4.176,24.8,24.9,23.9,261,0.0126
262,4.176,24.8,24.9,23.9,262,0.0126
263,4.176,24.7,24.9,23.9,263,0.0128
264,4.176,24.8,24.9,23.9,264,0.0127
265,4.176,24.7,24.9,23.9,265,0.0127
266,4.176,24.8,24.9,23.9,266,0.0127
267,4.1755,24.8,24.9,23.9,267,0.0127
268,4.176,24.7,24.9,23.9,268,0.0127
269,4.176,24.8,24.9,24,269,0.0128
270,4.176,24.8,24.9,24,270,0.0131
271,4.176,24.8,24.9,24,271,0.0132
272,4.176,24.8,24.9,24,272,0.0133
273,4.176,24.7,24.9,24,273,0.0136
274,4.176,24.8,24.9,24,274,0.0135
275,4.1755,24.7,24.9,24,275,0.0138
276,4.176,24.8,24.9,24.1,276,0.014
277,4.176,24.8,24.9,24.1,277,0.0146
278,4.1755,24.8,24.9,24.2,278,0.0151
279,4.175,24.7,24.9,24.3,279,0.0172
280,4.1735,24.8,24.9,24.6,280,0.0328
281,4.173,24.8,24.9,25.4,281,0.0545
282,4.1715,24.7,24.9,26.3,282,0.061
283,4.1705,24.8,24.9,27.7,283,0.0843
284,4.1715,24.7,25,29.1,284,0.0917
285,4.1715,24.7,25.1,30.1,285,0.0728
286,4.1715,24.8,25.1,31,286,0.0811
287,4.1705,24.7,25.1,32,287,0.0874
288,4.171,24.8,25.2,33.3,288,0.0981
289,4.1705,24.8,25.2,34.3,289,0.093
290,4.17,24.8,25.3,35.3,290,0.0968
291,4.1695,24.8,25.3,36.4,291,0.1031
292,4.1675,24.7,25.3,37.8,292,0.1135
293,4.169,24.8,25.4,39.8,293,0.1473
294,4.168,24.8,25.5,41,294,0.1237
295,4.167,24.8,25.5,42.3,295,0.1388
296,4.166,24.8,25.5,43.8,296,0.1486
297,4.16,24.8,25.6,46,297,0.1802
298,4.159,24.8,25.7,49.7,298,0.2818
299,4.154,24.8,25.8,53.2,299,0.2778
300,4.155,24.8,25.9,56.8,300,0.3388
301,4.1545,24.8,26.1,60,301,0.3354
302,4.154,24.8,26.3,62.8,302,0.3384
303,4.1535,24.8,26.4,65.5,303,0.3438
304,4.152,24.8,26.6,68.3,304,0.3596
305,4.1515,24.8,26.8,71.1,305,0.378
306,4.1515,24.8,26.9,73.7,306,0.3818
307,4.1505,24.8,27.1,76.3,307,0.385
308,4.15,24.8,27.2,79.1,308,0.4011
309,4.149,24.8,27.4,81.8,309,0.4075
310,4.1485,24.8,27.5,84.3,310,0.4252
311,4.146,24.8,27.6,86.7,311,0.4422
312,4.1445,24.8,27.8,89.6,312,0.4755
313,4.1445,24.8,28,92.1,313,0.4892
314,4.1445,24.8,28.1,94.1,314,0.4907
315,4.143,24.8,28.3,96,315,0.4973
316,4.141,24.9,28.4,98.2,316,0.5129
317,4.143,24.9,28.6,101.1,317,0.5467
318,4.1425,24.9,28.8,103.4,318,0.5248
319,4.1425,24.9,28.9,105.7,319,0.5268
320,4.1425,24.9,29,107.5,320,0.5183
321,4.1415,24.9,29.2,109.4,321,0.5272
322,4.1395,24.9,29.3,111.8,322,0.5437
323,4.136,24.9,29.4,114.6,323,0.5683
324,4.1445,24.9,29.5,118,324,0.6548
325,4.15,25,29.6,118.3,325,0.4713
326,4.151,25,29.8,115.1,326,0.4084
327,4.152,25,30,112,327,0.3916
328,4.152,25,30,109,328,0.3791
329,4.153,25,30,106,329,0.3723
330,4.153,25.1,29.9,103.1,330,0.3644
331,4.1535,25.1,29.9,100.4,331,0.3587
332,4.1535,25.1,29.8,97.9,332,0.3576
333,4.1535,25.1,29.7,95.6,333,0.3554
334,4.154,25.1,29.6,93.7,334,0.3555
335,4.1535,25.1,29.6,91.7,335,0.3514
336,4.1535,25.2,29.5,90.2,336,0.3529
337,4.1535,25.2,29.5,88.7,337,0.3521
338,4.1535,25.2,29.4,87.4,338,0.3521
339,4.154,25.2,29.4,86.3,339,0.3549
340,4.1535,25.3,29.4,85.2,340,0.3537
341,4.153,25.3,29.3,84.3,341,0.3564
342,4.1535,25.3,29.3,83.6,342,0.3604
343,4.1525,25.3,29.3,83,343,0.3638
344,4.1455,25.3,29.3,82.6,344,0.3697
345,4.1425,25.3,29.3,83.1,345,0.4663
346,4.1365,25.4,29.3,84.7,346,0.5341
347,4.136,25.4,29.5,88.4,347,0.6034
348,4.1315,25.4,29.6,93.9,348,0.6147
349,4.1305,25.4,29.9,99.8,349,0.6644
350,4.137,25.5,30.2,105.7,350,0.7275
351,4.1385,25.5,30.4,109.9,351,0.5948
352,4.139,25.5,30.7,112.3,352,0.5726
353,4.1375,25.5,30.9,115.1,353,0.5818
354,4.1395,25.5,30.9,118.3,354,0.5874
355,4.1395,25.5,31.1,119.4,355,0.5715
356,4.139,25.5,31.1,120.6,356,0.5721
357,4.1395,25.6,31.2,121.9,357,0.5803
358,4.1385,25.6,31.2,122.7,358,0.573
359,4.138,25.6,31.3,123.8,359,0.5821
360,4.1375,25.6,31.3,125.2,360,0.5939
361,4.136,25.6,31.4,126.7,361,0.6016
362,4.1345,25.6,31.4,128.9,362,0.6226
363,4.133,25.7,31.5,131.5,363,0.6466
364,4.134,25.7,31.6,134.4,364,0.6709
365,4.132,25.7,31.7,136.3,365,0.6611
366,4.13,25.7,31.8,138.9,366,0.6831
367,4.1265,25.8,31.9,142.1,367,0.7337
368,4.1195,25.8,32,145,368,0.7798
369,4.1165,25.8,32.2,146.5,369,0.8867
370,4.117,25.8,32.4,147.1,370,0.9255
371,4.118,25.8,32.6,147.4,371,0.9128
372,4.118,25.9,32.8,147.5,372,0.8947
373,4.1175,25.9,33,147.9,373,0.8969
374,4.118,25.9,33.2,148.9,374,0.9044
375,4.1165,25.9,33.4,148.8,375,0.8993
376,4.116,26,33.6,149,376,0.9194
377,4.1155,26,33.8,149.7,377,0.9256
378,4.1145,26,34,150.7,378,0.9356
379,4.1155,26,34.1,151.4,379,0.9552
380,4.1155,26,34.3,151.7,380,0.935
381,4.115,26.1,34.5,151.4,381,0.9356
382,4.114,26.1,34.7,151.5,382,0.9412
383,4.1135,26.1,34.8,151.9,383,0.9563
384,4.113,26.1,35,152,384,0.9643
385,4.1125,26.2,35.1,152,385,0.9686
386,4.111,26.2,35.3,152.1,386,0.9812
387,4.1105,26.2,35.4,153,387,1.0036
388,4.1105,26.3,35.6,154,388,1.0104
389,4.1085,26.3,35.8,154.7,389,1.0159
390,4.1055,26.3,35.9,155.5,390,1.0388
391,4.1015,26.3,36.1,156.8,391,1.0973
392,4.0995,26.4,36.2,157.8,392,1.1556
393,4.0985,26.4,36.4,158.7,393,1.1817
394,4.098,26.4,36.6,159.4,394,1.1954
395,4.0965,26.5,36.8,160,395,1.205
396,4.097,26.5,37,161.2,396,1.2245
397,4.098,26.6,37.2,162,397,1.2156
398,4.0975,26.6,37.5,161.6,398,1.2024
399,4.097,26.6,37.7,161.6,399,1.2073
400,4.0965,26.7,37.9,161.8,400,1.2154
401,4.095,26.7,38.1,162.4,401,1.2306
402,4.0945,26.8,38.3,163.2,402,1.2477
403,4.096,26.8,38.5,163.4,403,1.244
404,4.094,26.8,38.7,162.7,404,1.2362
405,4.093,26.9,38.8,163.4,405,1.2674
406,4.0915,26.9,39,164.5,406,1.2823
407,4.0925,26.9,39.2,165.8,407,1.3042
408,4.092,27,39.4,166.3,408,1.2917
409,4.0925,27,39.6,166,409,1.2866
410,4.0915,27.1,39.8,165.6,410,1.2882
411,4.089,27.1,40,165.5,411,1.312
412,4.0865,27.2,40.2,165.8,412,1.3444
413,4.0855,27.2,40.4,166.1,413,1.3789
414,4.083,27.2,40.6,166.3,414,1.3978
415,4.087,27.3,40.8,166.3,415,1.4079
416,4.0875,27.4,40.9,165.4,416,1.3672
417,4.0865,27.4,41.1,164.9,417,1.3758
418,4.0855,27.5,41.3,164.6,418,1.3806
419,4.085,27.5,41.5,164.5,419,1.3878
420,4.0845,27.6,41.6,164.6,420,1.4026
421,4.0835,27.6,41.8,165.1,421,1.4147
422,4.0835,27.7,42,165.9,422,1.4176
423,4.083,27.7,42.1,166.6,423,1.4264
424,4.0825,27.8,42.3,167.3,424,1.4315
425,4.0815,27.9,42.4,168.8,425,1.4474
426,4.081,27.9,42.6,170.1,426,1.4532
427,4.081,28,42.7,171.4,427,1.457
428,4.0805,28,42.9,172.5,428,1.4584
429,4.0835,28.1,43.1,173.2,429,1.4316
430,4.0835,28.1,43.2,173.1,430,1.4222
431,4.0835,28.2,43.4,173.5,431,1.4215
432,4.0835,28.1,43.4,173.8,432,1.4221
433,4.083,28.2,43.6,174.4,433,1.4234
434,4.0835,28.2,43.7,175.3,434,1.4312
435,4.0835,28.3,43.9,175.5,435,1.4241
436,4.083,28.4,44,175.4,436,1.4254
437,4.083,28.4,44.2,175.4,437,1.4243
438,4.0825,28.5,44.3,175.9,438,1.433
439,4.081,28.6,44.4,176.6,439,1.4375
440,4.081,28.6,44.5,178,440,1.4659
441,4.0795,28.7,44.7,179.5,441,1.4644
442,4.082,28.7,44.8,180.7,442,1.4637
443,4.0815,28.8,44.9,179.7,443,1.45
444,4.082,28.8,45.1,179.1,444,1.4484
445,4.082,28.9,45.2,178.6,445,1.4485
446,4.082,29,45.3,178.1,446,1.4485
447,4.082,29,45.5,177.5,447,1.4475
448,4.081,29.1,45.6,177.2,448,1.4471
449,4.08,29.2,45.7,178.5,449,1.4672
450,4.081,29.2,45.8,179.8,450,1.4765
451,4.08,29.3,45.9,179,451,1.4596
452,4.0805,29.3,46.1,179.1,452,1.4728
453,4.08,29.4,46.1,179.4,453,1.4728
454,4.0795,29.5,46.3,179.5,454,1.476
455,4.079,29.5,46.4,179.9,455,1.486
456,4.0795,29.6,46.5,180.2,456,1.4927
457,4.0795,29.6,46.6,180.1,457,1.4807
458,4.079,29.7,46.7,180,458,1.4805
459,4.0795,29.7,46.9,180.1,459,1.4885
460,4.0785,29.8,46.9,180.1,460,1.4881
461,4.08,29.8,47.1,180.1,461,1.4927
462,4.0785,29.9,47.2,179.4,462,1.4863
463,4.079,29.9,47.3,179.5,463,1.4879
464,4.0785,30,47.3,179.8,464,1.4933
465,4.078,30.1,47.5,180.4,465,1.5003
466,4.0765,30.1,47.5,181,466,1.506
467,4.0775,30.2,47.6,181.8,467,1.5311
468,4.077,30.2,47.7,182.4,468,1.5177
469,4.076,30.3,47.8,183.1,469,1.5272
470,4.075,30.3,47.9,183.9,470,1.5342
471,4.0755,30.4,48,184.9,471,1.549
472,4.0745,30.4,48.1,185.9,472,1.551
473,4.074,30.5,48.2,187,473,1.5593
474,4.0745,30.6,48.4,188,474,1.5636
475,4.0715,30.6,48.4,188.7,475,1.5616
476,4.075,30.7,48.6,188.9,476,1.5501
477,4.075,30.8,48.7,188.8,477,1.5484
478,4.074,30.8,48.8,189.4,478,1.5549
479,4.0745,30.9,48.9,190.1,479,1.5732
480,4.0735,30.9,49,190.6,480,1.5623
481,4.0735,30.9,49.2,191.6,481,1.5728
482,4.0745,31,49.3,192.1,482,1.5759
483,4.0745,31.1,49.4,192.1,483,1.563
484,4.0745,31.1,49.5,191.8,484,1.5585
485,4.0745,31.2,49.6,191.7,485,1.5623
486,4.074,31.2,49.7,191.7,486,1.5646
487,4.0735,31.3,49.8,191.8,487,1.568
488,4.0735,31.3,49.9,192.2,488,1.5736
489,4.075,31.4,50,192.4,489,1.576
490,4.0745,31.4,50.1,191.3,490,1.5507
491,4.0755,31.5,50.2,191,491,1.5587
492,4.0745,31.5,50.3,190,492,1.5489
493,4.075,31.6,50.4,190,493,1.5637
494,4.0745,31.6,50.5,189.4,494,1.5565
495,4.074,31.7,50.6,188.8,495,1.5573
496,4.075,31.7,50.7,188.8,496,1.5668
497,4.0745,31.8,50.8,188.7,497,1.5542
498,4.0745,31.9,50.8,189,498,1.5615
499,4.0745,31.9,50.9,189.2,499,1.5632
500,4.071,31.9,51,189.2,500,1.5659
501,4.074,32,51.1,190.2,501,1.6082
502,4.075,32,51.1,189.6,502,1.5631
503,4.075,32.1,51.2,188.3,503,1.5518
504,4.075,32.2,51.3,187.2,504,1.5519
505,4.0745,32.2,51.4,186.4,505,1.5536
506,4.0745,32.2,51.5,185.8,506,1.5568
507,4.0745,32.3,51.6,185.4,507,1.5618
508,4.074,32.4,51.6,185,508,1.5615
509,4.0735,32.4,51.7,184.7,509,1.5652
510,4.0735,32.5,51.7,184.3,510,1.5669
511,4.0735,32.5,51.8,184.2,511,1.5742
512,4.0735,32.6,51.9,184.2,512,1.5747
513,4.073,32.6,52,184.2,513,1.5795
514,4.072,32.7,52,184.3,514,1.5818
515,4.0735,32.7,52.1,184.3,515,1.5778
516,4.074,32.8,52.2,184.1,516,1.5709
517,4.0735,32.8,52.3,184,517,1.5711
518,4.0735,32.9,52.4,183.9,518,1.5725
519,4.073,32.9,52.4,183.8,519,1.5759
520,4.073,32.9,52.5,183.8,520,1.5783
521,4.073,33,52.6,183.7,521,1.5795
522,4.073,33.1,52.7,183.6,522,1.582
523,4.072,33.1,52.7,183.6,523,1.5856
524,4.0725,33.1,52.8,183.7,524,1.5913
525,4.0725,33.2,52.8,183.6,525,1.5921
526,4.0715,33.3,53,183.6,526,1.5923
527,4.072,33.3,53,183.6,527,1.5957
528,4.072,33.3,53.1,183.8,528,1.5978
529,4.072,33.4,53.2,183.6,529,1.5939
530,4.072,33.4,53.2,183.4,530,1.5956
531,4.072,33.5,53.3,183.2,531,1.5964
532,4.0715,33.5,53.4,183.1,532,1.5996
533,4.071,33.6,53.4,183,533,1.6024
534,4.0705,33.6,53.5,183.2,534,1.6086
535,4.0705,33.6,53.6,183.4,535,1.6161
536,4.071,33.7,53.7,183.9,536,1.6282
537,4.071,33.8,53.7,184.1,537,1.6144
538,4.071,33.8,53.8,183.8,538,1.6123
539,4.0705,33.8,53.9,183.5,539,1.6126
540,4.0695,33.9,54,183.4,540,1.6185
541,4.069,33.9,54.1,183.8,541,1.6373
542,4.069,34,54.1,184,542,1.6358
543,4.069,34,54.2,184.3,543,1.6398
544,4.069,34,54.3,184.4,544,1.6387
545,4.0685,34.1,54.4,184.8,545,1.6469
546,4.068,34.1,54.5,185.3,546,1.6523
547,4.067,34.2,54.5,185.9,547,1.6593
548,4.069,34.2,54.6,187,548,1.6641
549,4.07,34.3,54.7,186.8,549,1.6489
550,4.0705,34.3,54.9,185.2,550,1.6283
551,4.07,34.3,55,184,551,1.6224
552,4.0705,34.4,55,183.1,552,1.6329
553,4.07,34.4,55.1,182.3,553,1.624
554,4.07,34.4,55.2,181.6,554,1.6267
555,4.07,34.5,55.2,180.8,555,1.6265
556,4.07,34.5,55.3,180.2,556,1.6284
557,4.0695,34.6,55.3,179.7,557,1.631
558,4.069,34.6,55.4,179.2,558,1.6353
559,4.0695,34.7,55.4,178.9,559,1.6382
560,4.0695,34.7,55.5,178.7,560,1.6402
561,4.0695,34.8,55.5,178.4,561,1.6402
562,4.069,34.8,55.6,178.2,562,1.6402
563,4.0685,34.8,55.6,177.8,563,1.6419
564,4.069,34.9,55.7,177.8,564,1.6503
565,4.0685,34.9,55.8,177.6,565,1.6461
566,4.068,34.9,55.9,177.5,566,1.6532
567,4.068,35,55.9,177.5,567,1.6562
568,4.0675,35,56,177.6,568,1.6619
569,4.0665,35.1,56,177.8,569,1.6672
570,4.0665,35.1,56.1,178.3,570,1.6781
571,4.0655,35.1,56.2,178.8,571,1.6845
572,4.066,35.2,56.2,179.5,572,1.6947
573,4.0665,35.2,56.3,179.9,573,1.6882
574,4.066,35.3,56.4,180,574,1.6825
575,4.0665,35.3,56.5,180.2,575,1.6861
576,4.066,35.4,56.6,180.4,576,1.6831
577,4.065,35.4,56.7,180.5,577,1.6858
578,4.066,35.4,56.8,180.8,578,1.6933
579,4.0655,35.5,56.9,181,579,1.6897
580,4.0655,35.5,57,181.2,580,1.695
581,4.066,35.6,57,181.3,581,1.6955
582,4.0655,35.6,57.1,181.2,582,1.691
583,4.0665,35.6,57.2,181.4,583,1.6968
584,4.0665,35.7,57.3,180.9,584,1.6844
585,4.066,35.7,57.4,180.4,585,1.6833
586,4.066,35.8,57.5,180.1,586,1.6841
587,4.066,35.8,57.5,179.9,587,1.6858
588,4.066,35.9,57.6,179.7,588,1.6868
589,4.0655,35.9,57.6,179.5,589,1.6878
590,4.0655,36,57.7,179.3,590,1.6885
591,4.066,36,57.8,179.4,591,1.697
592,4.066,36,57.8,179.4,592,1.6892
593,4.0665,36.1,57.9,179.1,593,1.6867
594,4.066,36.1,57.9,178.8,594,1.6866
595,4.066,36.1,58,178.6,595,1.6867
596,4.066,36.2,58.1,178.3,596,1.686
597,4.0655,36.2,58.1,178.1,597,1.6871
598,4.065,36.3,58.1,178,598,1.6918
599,4.065,36.3,58.2,178.1,599,1.7022
600,4.065,36.3,58.3,178.2,600,1.6998
601,4.0645,36.4,58.3,178.4,601,1.7045
602,4.065,36.4,58.4,178.3,602,1.705
603,4.0645,36.5,58.4,178.3,603,1.7064
604,4.065,36.5,58.5,178.3,604,1.7103
605,4.0645,36.5,58.6,178.3,605,1.7074
606,4.0645,36.6,58.6,178.2,606,1.707
607,4.0645,36.8,58.8,178.2,607,1.7076
608,4.0645,36.7,58.7,178.2,608,1.715
609,4.0635,36.8,58.9,178.4,609,1.7157
610,4.064,36.8,58.9,178.5,610,1.7223
611,4.064,36.9,59,178.5,611,1.7193
612,4.0635,36.9,59.1,178.5,612,1.7206
613,4.0615,37,59.1,178.6,613,1.725
614,4.0645,37,59.2,179,614,1.7523
615,4.0645,37,59.3,178.5,615,1.7133
616,4.0645,37.1,59.3,178,616,1.7094
617,4.065,37.1,59.4,177.5,617,1.7063
618,4.065,37.1,59.5,177,618,1.7056
619,4.065,37.2,59.5,176.6,619,1.7044
620,4.065,37.2,59.5,176.2,620,1.704
621,4.0645,37.2,59.6,175.8,621,1.7059
622,4.064,37.3,59.7,175.6,622,1.7076
623,4.0645,37.3,59.7,175.5,623,1.7109
624,4.0645,37.3,59.7,175.4,624,1.7114
625,4.0645,37.4,59.7,175.3,625,1.7143
626,4.064,37.4,59.8,175.3,626,1.7159
627,4.063,37.5,59.8,175.6,627,1.7202
628,4.0645,37.5,59.8,177,628,1.7586
629,4.064,37.5,59.9,176.3,629,1.7117
630,4.0645,37.6,59.9,175.8,630,1.7123
631,4.065,37.6,60,175.3,631,1.7099
632,4.0635,37.6,60,174.8,632,1.7029
633,4.065,37.6,60.1,174.5,633,1.7156
634,4.065,37.7,60.1,174,634,1.7017
635,4.065,37.7,60.2,173.5,635,1.7002
636,4.065,37.8,60.2,173,636,1.7004
637,4.065,37.8,60.3,172.6,637,1.7004
638,4.065,37.8,60.3,172.3,638,1.7008
639,4.065,37.9,60.3,171.9,639,1.7009
640,4.0645,37.9,60.3,171.7,640,1.7036
641,4.065,38,60.3,171.5,641,1.7043
642,4.064,38,60.4,171.4,642,1.7079
643,4.063,38,60.4,171.6,643,1.7198
644,4.063,38,60.4,172,644,1.731
645,4.063,38.1,60.4,172.4,645,1.7322
646,4.063,38.1,60.4,172.7,646,1.7354
647,4.0625,38.1,60.5,173,647,1.7355
648,4.062,38.2,60.6,173.4,648,1.743
649,4.0625,38.2,60.6,173.8,649,1.7463
650,4.0625,38.3,60.7,173.9,650,1.7408
651,4.062,38.3,60.7,174.1,651,1.7418
652,4.062,38.3,60.7,174.3,652,1.7448
653,4.0615,38.3,60.8,174.4,653,1.7475
654,4.062,38.4,60.9,174.6,654,1.752
655,4.061,38.4,60.9,174.9,655,1.7569
656,4.0605,38.4,61,175.3,656,1.7611
657,4.059,38.5,61,175.8,657,1.7657
658,4.0595,38.5,61.1,176.8,658,1.7914
659,4.06,38.6,61.2,177.3,659,1.7801
660,4.0595,38.6,61.2,177.6,660,1.7808
661,4.0585,38.6,61.3,178.2,661,1.7884
662,4.0585,38.6,61.4,178.8,662,1.7943
663,4.0585,38.7,61.4,179.3,663,1.7977
664,4.06,38.7,61.5,180,664,1.804
665,4.061,38.7,61.6,179.5,665,1.7763
666,4.0615,38.7,61.7,178.6,666,1.7629
667,4.062,38.8,61.8,177.6,667,1.7559
668,4.0615,38.8,61.9,176.8,668,1.7533
669,4.062,38.9,62,176,669,1.7518
670,4.062,38.9,62,175.2,670,1.7495
671,4.0625,38.9,62,174.6,671,1.7484
672,4.0625,39,62.1,173.9,672,1.7468
673,4.0625,39,62.1,173.3,673,1.7419
674,4.0625,39,62.1,172.7,674,1.7409
675,4.062,39.1,62.1,172.3,675,1.7438
676,4.062,39.1,62.1,171.9,676,1.7469
677,4.0625,39.2,62.1,171.5,677,1.7428
678,4.0625,39.2,62.1,171,678,1.7403
679,4.0625,39.2,62.1,170.5,679,1.7401
680,4.0625,39.2,62.1,170.1,680,1.7423
681,4.0625,39.3,62.1,169.8,681,1.7398
682,4.0625,39.3,62.1,169.5,682,1.7403
683,4.0625,39.2,62,169.1,683,1.7423
684,4.0625,39.2,62.1,168.9,684,1.7435
685,4.062,39.3,62.1,168.8,685,1.7451
686,4.062,39.3,62.1,168.6,686,1.7472
687,4.062,39.3,62.1,168.5,687,1.7482
688,4.062,39.3,62.1,168.3,688,1.7498
689,4.0615,39.4,62.1,168.2,689,1.7529
690,4.0615,39.4,62.1,168.2,690,1.7561
691,4.0615,39.5,62.1,168,691,1.7565
692,4.0615,39.5,62.2,167.9,692,1.7566
693,4.0615,39.5,62.2,167.8,693,1.7577
694,4.061,39.6,62.2,167.8,694,1.7585
695,4.0615,39.6,62.2,167.6,695,1.7582
696,4.061,39.6,62.3,167.5,696,1.7588
697,4.061,39.6,62.3,167.4,697,1.7597
698,4.061,39.6,62.3,167.4,698,1.7619
699,4.061,39.6,62.3,167.3,699,1.7641
700,4.0605,39.7,62.4,167.3,700,1.7668
701,4.0605,39.7,62.4,167.4,701,1.7698
702,4.0605,39.8,62.4,167.4,702,1.77
703,4.06,39.8,62.4,167.4,703,1.773
704,4.06,39.8,62.5,167.6,704,1.7761
705,4.06,39.8,62.5,167.7,705,1.7789
706,4.0595,39.9,62.6,167.9,706,1.7831
707,4.0595,39.9,62.6,168,707,1.787
708,4.0595,39.9,62.6,168.2,708,1.7855
709,4.0595,39.9,62.7,168.2,709,1.7856
710,4.0595,40,62.7,168.3,710,1.789
711,4.059,40,62.7,168.4,711,1.791
712,4.0585,40,62.7,168.6,712,1.7947
713,4.0585,40,62.8,168.8,713,1.7965
714,4.0585,40.1,62.8,169,714,1.8016
715,4.0585,40.1,62.9,169.2,715,1.8047
716,4.0585,40.2,62.9,169.4,716,1.8037
717,4.0585,40.2,63,169.5,717,1.8106
718,4.058,40.2,63,169.6,718,1.8052
719,4.058,40.2,63.1,169.7,719,1.8072
720,4.058,40.3,63.1,169.8,720,1.8089
721,4.0575,40.3,63.2,169.8,721,1.8093
722,4.0575,40.3,63.2,169.9,722,1.8108
723,4.0575,40.4,63.2,169.9,723,1.8127
724,4.0575,40.4,63.3,170,724,1.8147
725,4.0575,40.4,63.3,170.1,725,1.8196
726,4.0575,40.4,63.4,170,726,1.8175
727,4.0575,40.4,63.4,170,727,1.8169
728,4.0565,40.5,63.4,170,728,1.8222
729,4.0565,40.5,63.5,170.2,729,1.829
730,4.0565,40.6,63.5,170.4,730,1.8323
731,4.0565,40.6,63.6,170.5,731,1.833
732,4.056,40.6,63.6,170.7,732,1.8355
733,4.056,40.6,63.6,171,733,1.8433
734,4.0555,40.7,63.7,171.2,734,1.8414
735,4.055,40.7,63.8,171.5,735,1.8476
736,4.055,40.7,63.8,171.8,736,1.8511
737,4.0545,40.8,63.8,172.2,737,1.8568
738,4.0545,40.8,63.9,172.5,738,1.8598
739,4.0545,40.8,64,172.8,739,1.8615
740,4.0545,40.8,64,173,740,1.8628
741,4.0545,40.8,64.1,173.3,741,1.8644
742,4.054,40.9,64.1,173.5,742,1.8656
743,4.054,40.9,64.2,173.7,743,1.8672
744,4.054,40.9,64.3,173.9,744,1.8689
745,4.0535,41,64.4,174.1,745,1.8731
746,4.0535,41,64.4,174.4,746,1.8765
747,4.0535,41,64.5,174.8,747,1.878
748,4.054,41.1,64.5,174.7,748,1.8736
749,4.0515,41.1,64.6,174.6,749,1.8736
750,4.054,41.1,64.7,175,750,1.9155
751,4.0545,41.1,64.7,174.6,751,1.8697
752,4.0545,41.2,64.8,174.1,752,1.8627
753,4.0545,41.2,64.8,173.6,753,1.8612
754,4.0545,41.2,64.9,173.2,754,1.861
755,4.0545,41.3,64.9,172.8,755,1.8603
756,4.0545,41.3,65,172.4,756,1.8612
757,4.0545,41.3,65,172.2,757,1.8629
758,4.054,41.3,65,172,758,1.8655
759,4.054,41.4,65,171.9,759,1.867
760,4.0535,41.4,65,171.7,760,1.8689
761,4.054,41.4,65.1,171.6,761,1.8701
762,4.0535,41.4,65.1,171.6,762,1.8726
763,4.054,41.5,65.2,171.6,763,1.8755
764,4.0535,41.5,65.2,171.6,764,1.8779
765,4.0525,41.5,65.2,171.7,765,1.8803
766,4.053,41.6,65.2,171.7,766,1.8807
767,4.053,41.6,65.3,171.8,767,1.8823
768,4.053,41.6,65.3,171.8,768,1.8843
769,4.053,41.6,65.3,171.9,769,1.8852
770,4.0525,41.7,65.4,172,770,1.8909
771,4.053,41.7,65.4,172,771,1.8904
772,4.0525,41.7,65.5,171.9,772,1.8867
773,4.053,41.8,65.5,171.9,773,1.8864
774,4.053,41.8,65.5,171.8,774,1.8872
775,4.0525,41.8,65.6,171.8,775,1.8903
776,4.0525,41.8,65.6,171.8,776,1.8919
777,4.0525,41.9,65.6,171.7,777,1.8925
778,4.0525,41.9,65.7,171.6,778,1.8935
779,4.0525,42,65.7,171.6,779,1.8945
780,4.052,42,65.8,171.6,780,1.8951
781,4.052,42,65.8,171.6,781,1.8984
782,4.052,42,65.8,171.7,782,1.9015
783,4.0515,42,65.9,171.8,783,1.9049
784,4.0515,42.1,65.9,171.9,784,1.9055
785,4.0515,42.1,65.9,172.1,785,1.9067
786,4.0515,42.1,66,172.1,786,1.9064
787,4.0515,42.1,66,172.1,787,1.9073
788,4.0515,42.1,66.1,172.1,788,1.9074
789,4.0515,42.2,66.1,172.1,789,1.9082
790,4.051,42.2,66.1,172,790,1.9096
791,4.051,42.3,66.2,172,791,1.9124
792,4.051,42.3,66.2,172,792,1.9139
793,4.051,42.3,66.2,172.1,793,1.9152
794,4.0505,42.3,66.2,172.1,794,1.9173
795,4.051,42.3,66.3,172.1,795,1.9189
796,4.051,42.4,66.3,172.1,796,1.9176
797,4.0505,42.4,66.4,172,797,1.9178
798,4.0505,42.4,66.4,172,798,1.92
799,4.0505,42.4,66.4,172,799,1.9208
800,4.05,42.5,66.5,171.9,800,1.9231
801,4.0505,42.5,66.5,171.9,801,1.9241
802,4.0505,42.5,66.5,171.8,802,1.9249
803,4.05,42.6,66.6,171.8,803,1.9259
804,4.05,42.6,66.6,171.8,804,1.9283
805,4.05,42.6,66.7,171.8,805,1.9295
806,4.05,42.6,66.7,171.8,806,1.9315
807,4.0495,42.6,66.7,171.9,807,1.9331
808,4.0495,42.7,66.7,172,808,1.9364
809,4.0495,42.7,66.8,172.1,809,1.9365
810,4.049,42.8,66.8,172.1,810,1.937
811,4.049,42.8,66.8,172.2,811,1.9414
812,4.049,42.8,66.9,172.4,812,1.9455
813,4.049,42.8,67,172.4,813,1.9431
814,4.049,42.8,67,172.5,814,1.9444
815,4.049,42.9,67,172.6,815,1.9472
816,4.0485,42.9,67,172.6,816,1.9483
817,4.0485,42.9,67.1,172.7,817,1.9502
818,4.0485,42.9,67.1,172.7,818,1.9517
819,4.0485,42.9,67.2,172.8,819,1.9535
820,4.048,43,67.2,172.8,820,1.9542
821,4.0485,43,67.2,172.8,821,1.9571
822,4.0485,43.1,67.3,172.8,822,1.9547
823,4.0485,43.1,67.3,172.8,823,1.956
824,4.048,43.1,67.4,172.7,824,1.9574
825,4.0475,43.1,67.4,172.8,825,1.961
826,4.0475,43.1,67.4,172.8,826,1.9625
827,4.0475,43.2,67.4,172.9,827,1.9654
828,4.047,43.2,67.5,173,828,1.9675
829,4.047,43.2,67.5,173.2,829,1.9724
830,4.047,43.2,67.6,173.4,830,1.9788
831,4.0465,43.3,67.6,173.7,831,1.9801
832,4.046,43.3,67.7,174,832,1.9861
833,4.046,43.4,67.8,174.4,833,1.9898
834,4.0455,43.4,67.7,174.6,834,1.9917
835,4.046,43.4,67.8,174.9,835,1.9976
836,4.046,43.4,67.9,175.1,836,1.9918
837,4.046,43.4,67.9,175.2,837,1.9918
838,4.046,43.4,68,175.2,838,1.9918
839,4.0455,43.5,68,175.3,839,1.9953
840,4.0455,43.6,68.2,175.6,840,1.9984
841,4.0445,43.6,68.2,175.7,841,2
842,4.0465,43.6,68.2,175.6,842,2.0016
843,4.0465,43.7,68.4,175.3,843,1.9837
844,4.0465,43.6,68.3,174.8,844,1.9832
845,4.047,43.6,68.3,174.4,845,1.9833
846,4.0465,43.6,68.4,174.1,846,1.9827
847,4.0465,43.8,68.5,173.9,847,1.9841
848,4.0465,43.8,68.5,173.6,848,1.9849
849,4.046,43.8,68.5,173.4,849,1.9868
850,4.0475,43.9,68.5,173.1,850,1.9729
851,4.048,43.9,68.5,172.3,851,1.9651
852,4.048,43.9,68.6,171.6,852,1.9605
853,4.0485,43.9,68.6,170.9,853,1.9585
854,4.048,43.9,68.6,170.3,854,1.957
855,4.049,44,68.5,169.7,855,1.9559
856,4.0485,44,68.5,169.1,856,1.9544
857,4.0485,44,68.5,168.5,857,1.9525
858,4.0485,44,68.5,168,858,1.9514
859,4.0485,44.1,68.4,167.6,859,1.9521
860,4.0485,44.1,68.4,167.2,860,1.9532
861,4.048,44.1,68.4,166.9,861,1.9538
862,4.0485,44.1,68.4,166.6,862,1.9538
863,4.0485,44.2,68.4,166.3,863,1.9543
864,4.0485,44.2,68.3,166,864,1.9545
865,4.0485,44.2,68.3,165.8,865,1.9543
866,4.048,44.2,68.3,165.6,866,1.9544
867,4.0485,44.3,68.3,165.4,867,1.9555
868,4.048,44.3,68.3,165.2,868,1.9556
869,4.048,44.3,68.3,165.1,869,1.9555
870,4.048,44.3,68.2,164.8,870,1.9567
871,4.048,44.3,68.2,164.7,871,1.959
872,4.0475,44.4,68.2,164.6,872,1.9601
873,4.048,44.4,68.2,164.6,873,1.9617
874,4.048,44.4,68.2,164.5,874,1.9625
875,4.0475,44.4,68.2,164.4,875,1.962
876,4.048,44.5,68.2,164.3,876,1.9626
877,4.048,44.5,68.2,164.2,877,1.9634
878,4.048,44.5,68.3,164.1,878,1.9639
879,4.0475,44.5,68.2,164,879,1.965
880,4.0475,44.4,68.1,163.7,880,1.9661
881,4.047,44.5,68.2,163.8,881,1.9672
882,4.0475,44.6,68.3,163.7,882,1.9682
883,4.0475,44.6,68.3,163.7,883,1.9694
884,4.0475,44.6,68.3,163.6,884,1.9707
885,4.047,44.6,68.3,163.6,885,1.9723
886,4.047,44.6,68.3,163.6,886,1.9735
887,4.047,44.7,68.3,163.6,887,1.9747
888,4.0465,44.7,68.3,163.6,888,1.9782
889,4.0465,44.7,68.3,163.7,889,1.9795
890,4.0465,44.7,68.3,163.8,890,1.982
891,4.0465,44.7,68.3,163.9,891,1.9837
892,4.0465,44.8,68.4,163.9,892,1.9851
893,4.046,44.8,68.4,164,893,1.9863
894,4.046,44.8,68.4,164,894,1.9866
895,4.046,44.8,68.4,164,895,1.9879
896,4.046,44.8,68.4,164,896,1.9905
897,4.0455,44.8,68.4,164.1,897,1.9939
898,4.0455,44.9,68.4,164.2,898,1.9958
899,4.0455,44.9,68.5,164.3,899,1.9982
900,4.0455,44.9,68.5,164.4,900,2.0001
901,4.045,44.9,68.5,164.5,901,2.0015
902,4.045,44.9,68.5,164.6,902,2.0036
903,4.0445,45,68.5,164.7,903,2.007
904,4.045,45,68.6,164.9,904,2.0084
905,4.044,45,68.6,165.1,905,2.0126
906,4.0435,45,68.7,165.6,906,2.0232
907,4.0435,45,68.7,165.9,907,2.0252
908,4.043,45,68.7,166.6,908,2.0249
909,4.043,45.1,68.7,168.3,909,2.0387
910,4.0425,45.1,68.8,169.7,910,2.0352
911,4.042,45.1,68.9,171.1,911,2.0405
912,4.043,45.2,68.9,172.3,912,2.0422
913,4.043,45.2,69,171.8,913,2.0352
914,4.043,45.2,69,171.2,914,2.0348
915,4.043,45.2,69.1,170.8,915,2.0347
916,4.043,45.2,69.1,170.4,916,2.0355
917,4.043,45.2,69.1,170,917,2.0359
918,4.043,45.2,69.2,169.6,918,2.037
919,4.043,45.3,69.2,169.3,919,2.0385
920,4.043,45.3,69.2,169,920,2.0395
921,4.0425,45.3,69.3,168.8,921,2.0411
922,4.0425,45.3,69.3,168.6,922,2.0422
923,4.042,45.3,69.3,168.5,923,2.0441
924,4.0425,45.3,69.4,168.3,924,2.0446
925,4.0425,45.4,69.4,168.2,925,2.0463
926,4.042,45.4,69.4,168.1,926,2.0473
927,4.042,45.4,69.4,168,927,2.0495
928,4.042,45.5,69.4,168,928,2.0517
929,4.0415,45.5,69.5,168,929,2.0533
930,4.042,45.5,69.5,168,930,2.0548
931,4.0415,45.5,69.5,168,931,2.058
932,4.0415,45.5,69.6,168.1,932,2.0601
933,4.041,45.5,69.6,168.3,933,2.0634
934,4.041,45.6,69.6,168.4,934,2.0658
935,4.041,45.6,69.6,168.5,935,2.0679
936,4.0405,45.6,69.7,168.6,936,2.069
937,4.0405,45.6,69.7,168.8,937,2.0716
938,4.0405,45.6,69.7,168.9,938,2.0763
939,4.04,45.6,69.8,169,939,2.0781
940,4.0395,45.6,69.8,169.2,940,2.082
941,4.0395,45.7,69.9,169.5,941,2.0853
942,4.0395,45.7,69.9,169.7,942,2.088
943,4.039,45.8,70,169.9,943,2.0902
944,4.039,45.8,70,170.1,944,2.093
945,4.039,45.8,70,170.4,945,2.0965
946,4.0105,45.8,70.1,171,946,2.0991
947,4.007,45.5,69.8,175.8,947,2.5238
948,4.055,45.1,70.7,183.6,948,2.4853
949,4.0255,44.7,75.3,218.3,949,1.912
950,3.5995,48.5,86.9,287.5,950,2.2954
951,3.2,54.4,146,358,951,9.518
952,2.286,68.4,241.4,404.2,952,10
953,1.1845,123.2,332.7,431.3,953,10
954,0.6315,309,344.2,451.4,954,10
955,0.442,336.4,357.9,466,955,10
956,0.38,313.2,397.9,474.3,956,10
957,0.3615,308.1,427.2,473.9,957,10
958,0.355,304.8,450,467.2,958,10
959,0.375,312,456.2,461.2,959,10
960,0.374,302.4,454.1,455.9,960,10
961,0.3435,298.7,454.1,455.1,961,10
962,0.34,296.5,454.6,451.5,962,10
963,0.342,294.6,453.6,447,963,10
964,0.0065,295.7,452.3,442.7,964,10
965,0.006,300.4,452.2,438.4,965,-0.0035
966,0.0065,300.6,447.2,434.4,966,-0.0035
967,0.0055,297.4,442.8,432.5,967,-0.0033
968,0.005,294.5,440.1,429.3,968,-0.0032
969,0.0045,297.3,439.7,426.5,969,-0.003
970,0.0035,297.1,436.5,423.9,970,-0.0028
971,0.0035,293.6,433.4,421.4,971,-0.0026
972,0.003,291.9,431,419.6,972,-0.0024
973,0.003,297.5,427.4,418.4,973,-0.0023
974,0.003,302.7,423.2,415.8,974,-0.0021
975,0.003,307,419.1,414.3,975,-0.0019
976,0.003,304.1,421.9,411.9,976,-0.0018
977,0.003,302.4,419.1,408.9,977,-0.0017
978,0.0025,300.2,415.9,405.5,978,-0.0015
979,0.002,297.6,413.4,401.5,979,-0.0014
980,0.0025,294.3,406,398.9,980,-0.0013
981,0.0025,293.8,403.4,394.8,981,-0.0012
982,0.0025,292.3,399.5,389.3,982,-0.0011
983,0.0025,289.9,395.6,384.5,983,-1.00E-03
984,0.003,287.1,391.6,380.2,984,-9.00E-04
985,0.0025,283.9,388.1,376.1,985,-8.00E-04
986,0.002,281.7,384.6,372.4,986,-8.00E-04
987,0.0025,280.5,381.5,368.6,987,-7.00E-04
988,0.0025,278.4,378.2,365.1,988,-6.00E-04
989,0.0025,276.5,375.1,361.5,989,-6.00E-04
990,0.0025,276.9,371.5,358,990,-5.00E-04
991,0.002,274.8,368.8,354.6,991,-5.00E-04
992,0.0025,273.5,366,351,992,-4.00E-04
993,0.0025,271.5,363.8,347.4,993,-4.00E-04
994,0.0025,269.7,361,344,994,-3.00E-04
995,0.0025,268.5,357.9,341,995,-3.00E-04
996,0.0025,266.3,355,338.3,996,-2.00E-04
997,0.0025,264.7,353.4,335.8,997,-3.00E-04
998,0.0025,263.3,350.6,333.2,998,-2.00E-04
999,0.002,261.2,343.4,330.1,999,-2.00E-04
1000,0.0025,259,344.4,327,1000,-1.00E-04
1001,0.0025,257.1,342.3,324.9,1001,-1.00E-04
1002,0.002,255.2,340,322.3,1002,-1.00E-04
1003,0.0025,253.4,337.6,319.8,1003,-1.00E-04
1004,0.0025,251.1,335.3,317.5,1004,0
1005,0.0025,249.1,333.2,315.1,1005,0
1006,0.0025,247.5,331.1,312.9,1006,0
1007,0.0025,245.7,328.8,310.5,1007,0
1008,0.0025,244.1,326.4,308.1,1008,0
1009,0.0025,242.3,324,305.2,1009,0
1010,0.003,240.5,321.1,302.3,1010,0
1011,0.0025,238.8,319.7,299.8,1011,1.00E-04
1012,0.0025,237,317.1,297.4,1012,1.00E-04
1013,0.0025,235.3,313.5,295.1,1013,1.00E-04
1014,0.003,233.6,312.9,293.1,1014,1.00E-04
1015,0.0025,232,311.2,291.4,1015,1.00E-04
1016,0.0025,230.4,309.2,289.9,1016,1.00E-04
1017,0.003,228.8,307,288.2,1017,1.00E-04
1018,0.0025,227.3,304.9,286.6,1018,1.00E-04
1019,0.0025,225.8,302.7,285.1,1019,1.00E-04
1020,0.0025,224.3,300.7,283.5,1020,2.00E-04
1021,0.003,222.9,298.7,281.9,1021,1.00E-04
1022,0.003,221.4,296.6,280.2,1022,1.00E-04
1023,0.003,220,294.8,278.6,1023,2.00E-04
1024,0.003,218.7,292.8,276.9,1024,1.00E-04
1025,0.003,217.3,290.9,275.3,1025,2.00E-04
1026,0.003,216,289,273.8,1026,2.00E-04
1027,0.0025,214.7,287.2,272.4,1027,2.00E-04
1028,0.003,213.4,285.4,270.9,1028,2.00E-04
1029,0.0025,212.2,283.6,269.5,1029,2.00E-04
1030,0.003,211,281.7,268.1,1030,2.00E-04
1031,0.003,209.9,279.9,266.7,1031,2.00E-04
1032,0.003,208.6,278,265.3,1032,2.00E-04
1033,0.003,207.4,276.5,264,1033,2.00E-04
1034,0.003,206.3,274.6,262.6,1034,2.00E-04
1035,0.003,205.3,271.6,261.3,1035,2.00E-04
1036,0.003,204.1,271.5,259.9,1036,2.00E-04
1037,0.003,203,268.7,258.4,1037,3.00E-04
1038,0.003,202,267.9,256.9,1038,2.00E-04
1039,0.003,200.9,266.6,255.4,1039,3.00E-04
1040,0.003,199.8,265,253.7,1040,2.00E-04
1041,0.003,198.8,263.4,251.9,1041,2.00E-04
1042,0.003,197.8,261.9,250.1,1042,3.00E-04
1043,0.003,196.8,260.4,248.3,1043,3.00E-04
1044,0.003,195.8,258.3,246.8,1044,3.00E-04
1045,0.003,194.8,257.4,245.2,1045,3.00E-04
1046,0.0025,194,255.8,243.8,1046,3.00E-04
1047,0.0035,193,254.1,242.3,1047,3.00E-04
1048,0.003,192,253.1,241,1048,3.00E-04
1049,0.0035,191.2,251.8,239.8,1049,3.00E-04
1050,0.003,190.2,250.5,238.7,1050,3.00E-04
1051,0.003,189.3,249,237.5,1051,3.00E-04
1052,0.003,188.3,247.6,236.6,1052,2.00E-04
1053,0.003,187.4,246.3,235.6,1053,3.00E-04
1054,0.003,186.4,245,234.4,1054,3.00E-04
1055,0.003,185.5,243.6,232.6,1055,3.00E-04
1056,0.003,184.5,242.2,231.4,1056,3.00E-04
1057,0.003,183.7,240.8,230.3,1057,3.00E-04
1058,0.0035,182.8,239.1,229.4,1058,3.00E-04
1059,0.003,181.9,238.4,228.5,1059,3.00E-04
1060,0.003,181,237.2,227.6,1060,3.00E-04
1061,0.003,180.2,235.9,226.6,1061,3.00E-04
1062,0.003,179.3,234.8,225.7,1062,3.00E-04
1063,0.003,178.4,233.1,224.9,1063,3.00E-04
1064,0.003,177.6,232.3,224,1064,3.00E-04
1065,0.0035,176.8,231.2,223.1,1065,3.00E-04
1066,0.003,176,230,222,1066,3.00E-04
1067,0.003,175.2,228.9,221,1067,3.00E-04
1068,0.003,174.4,227.8,220.1,1068,3.00E-04
1069,0.0035,173.7,226.6,219.2,1069,3.00E-04
1070,0.003,173,225.5,218.3,1070,3.00E-04
1071,0.0035,172.2,224.4,217.3,1071,3.00E-04
1072,0.0035,171.5,223.2,216.3,1072,3.00E-04
1073,0.003,170.8,222.3,215.4,1073,3.00E-04
1074,0.003,170.1,221.2,214.5,1074,3.00E-04
1075,0.003,169.4,220.1,213.5,1075,3.00E-04
1076,0.003,168.7,219.1,212.7,1076,3.00E-04
1077,0.003,168,218,211.8,1077,3.00E-04
1078,0.0035,167.3,217,210.8,1078,3.00E-04
1079,0.003,166.7,216,209.9,1079,3.00E-04
1080,0.003,166,214.9,209.1,1080,3.00E-04
1081,0.0035,165.2,213.9,208.2,1081,3.00E-04
1082,0.003,164.6,213,207.4,1082,3.00E-04
1083,0.003,164,212,206.6,1083,3.00E-04
1084,0.003,163.4,211.1,205.8,1084,3.00E-04
1085,0.003,162.7,210.1,204.9,1085,3.00E-04
1086,0.003,162.1,209.2,204.1,1086,3.00E-04
1087,0.003,161.5,208.1,203.3,1087,3.00E-04
1088,0.003,160.9,207.2,202.4,1088,3.00E-04
1089,0.003,160.3,206.3,201.6,1089,3.00E-04
1090,0.003,159.6,205.5,200.6,1090,3.00E-04
1091,0.003,159,204.5,199.8,1091,3.00E-04
1092,0.0035,158.4,203.6,199,1092,3.00E-04
1093,0.0035,157.8,202.8,198.2,1093,3.00E-04
1094,0.0035,157.2,201.9,197.5,1094,3.00E-04
1095,0.003,156.7,201,196.7,1095,3.00E-04
1096,0.0035,156.1,200.1,196,1096,3.00E-04
1097,0.0035,155.5,199.2,195.2,1097,3.00E-04
1098,0.0035,154.9,198.4,194.4,1098,3.00E-04
1099,0.003,154.4,197.6,193.6,1099,3.00E-04
1100,0.003,153.8,196.7,192.8,1100,3.00E-04
1101,0.0035,153.2,195.9,192,1101,3.00E-04
1102,0.003,152.7,195.1,191.3,1102,3.00E-04
1103,0.0035,152.1,194.3,190.5,1103,3.00E-04
1104,0.003,151.4,193.4,189.8,1104,3.00E-04
1105,0.003,151,192.6,189.1,1105,3.00E-04
1106,0.003,150.5,191.8,188.4,1106,3.00E-04
1107,0.0035,150,191.1,187.7,1107,3.00E-04
1108,0.0035,149.5,190.2,187,1108,3.00E-04
1109,0.003,149,189.6,186.3,1109,3.00E-04
1110,0.003,148.5,188.8,185.7,1110,3.00E-04
1111,0.0035,148,188.1,185,1111,3.00E-04
1112,0.0035,147.6,187.4,184.3,1112,4.00E-04
1113,0.0035,147,186.6,183.6,1113,3.00E-04
1114,0.003,146.5,185.9,182.9,1114,3.00E-04
1115,0.003,146,185.1,182.2,1115,3.00E-04
1116,0.003,145.5,184.4,181.5,1116,3.00E-04
1117,0.0035,145,183.7,180.9,1117,4.00E-04
1118,0.003,144.6,183,180.3,1118,3.00E-04
1119,0.003,144.1,182.3,179.6,1119,3.00E-04
1120,0.003,143.6,181.6,179,1120,3.00E-04
1121,0.0035,143.1,181,178.4,1121,3.00E-04
1122,0.003,142.7,179.9,177.8,1122,3.00E-04
1123,0.0035,142.2,179.4,177.2,1123,3.00E-04
1124,0.0035,141.8,178.9,176.6,1124,3.00E-04
1125,0.0035,141.4,178.2,176,1125,3.00E-04
1126,0.0035,140.9,177.6,175.5,1126,3.00E-04
1127,0.0035,140.4,177,174.9,1127,3.00E-04
1128,0.003,140,176.2,174.3,1128,3.00E-04
1129,0.0035,139.5,175.4,173.8,1129,4.00E-04
1130,0.0035,139.1,175.1,173.2,1130,3.00E-04
1131,0.0035,138.7,174.5,172.6,1131,3.00E-04
1132,0.0035,138.3,173.8,172,1132,3.00E-04
1133,0.0035,137.8,173.2,171.5,1133,3.00E-04
1134,0.0035,137.4,172.6,170.9,1134,3.00E-04
1135,0.0035,137,172,170.4,1135,3.00E-04
1136,0.0035,136.6,171.4,169.8,1136,3.00E-04
1137,0.0035,136.1,170.5,169.2,1137,3.00E-04
1138,0.0035,135.7,170.3,168.6,1138,3.00E-04
1139,0.0035,135.4,169.6,168,1139,3.00E-04
1140,0.0035,135,169.1,167.5,1140,3.00E-04
1141,0.0035,134.7,168.5,167,1141,3.00E-04
1142,0.0035,134.4,167.9,166.4,1142,3.00E-04
1143,0.0035,134.1,167.3,165.9,1143,3.00E-04
1144,0.0035,133.8,166.7,165.3,1144,3.00E-04
1145,0.0035,133.4,165.8,164.8,1145,3.00E-04
1146,0.0035,133,165.6,164.3,1146,3.00E-04
1147,0.0035,132.6,165.1,163.8,1147,3.00E-04
1148,0.0035,132.2,164.6,163.2,1148,3.00E-04
1149,0.0035,131.8,164.1,162.7,1149,3.00E-04
1150,0.0035,131.5,163.5,162.2,1150,3.00E-04
1151,0.0035,131,163,161.8,1151,3.00E-04
1152,0.003,130.6,162.4,161.2,1152,3.00E-04
1153,0.0035,130.3,161.8,160.7,1153,3.00E-04
1154,0.0035,129.9,161.4,160.3,1154,3.00E-04
1155,0.0035,129.5,160.8,159.8,1155,3.00E-04
1156,0.0035,129.1,160.3,159.3,1156,3.00E-04
1157,0.0035,128.8,159.8,158.8,1157,4.00E-04
1158,0.0035,128.3,159.4,158.4,1158,3.00E-04
1159,0.0035,127.9,158.8,157.9,1159,3.00E-04
1160,0.0035,127.6,158.3,157.5,1160,3.00E-04
1161,0.003,127.2,157.8,157.1,1161,3.00E-04
1162,0.0035,126.9,157.3,156.6,1162,3.00E-04
1163,0.0035,126.6,156.8,156.1,1163,3.00E-04
1164,0.0035,126.2,156.3,155.6,1164,3.00E-04
1165,0.0035,125.8,155.9,155.2,1165,3.00E-04
1166,0.0035,125.5,155.4,154.7,1166,3.00E-04
1167,0.0035,125.1,154.9,154.3,1167,3.00E-04
1168,0.004,124.8,154.4,153.9,1168,3.00E-04
1169,0.0035,124.4,154,153.4,1169,3.00E-04
1170,0.003,124.1,153.3,152.9,1170,3.00E-04
1171,0.0035,123.8,152.9,152.5,1171,3.00E-04
1172,0.0035,123.4,152.5,152,1172,3.00E-04
1173,0.0035,123.1,152,151.6,1173,3.00E-04
1174,0.0035,122.7,151.6,151.2,1174,3.00E-04
1175,0.0035,122.4,150.7,150.7,1175,3.00E-04
1176,0.0035,122,150.4,150.3,1176,3.00E-04
1177,0.0035,121.7,150.2,149.9,1177,4.00E-04
1178,0.0035,121.4,149.7,149.5,1178,3.00E-04
1179,0.0035,121.1,149.3,149,1179,3.00E-04
1180,0.003,120.8,148.9,148.6,1180,3.00E-04
1181,0.0035,120.4,148.5,148.2,1181,3.00E-04
1182,0.0035,120.1,148,147.8,1182,3.00E-04
1183,0.0035,119.8,147.6,147.4,1183,3.00E-04
1184,0.0035,119.4,147.1,147,1184,3.00E-04
1185,0.0035,119.1,146.7,146.6,1185,3.00E-04
1186,0.0035,118.8,146.3,146.1,1186,3.00E-04
1187,0.0035,118.5,145.7,145.7,1187,3.00E-04
1188,0.0035,118.2,145.4,145.3,1188,3.00E-04
1189,0.0035,117.9,144.7,144.8,1189,3.00E-04
1190,0.003,117.6,144.2,144.4,1190,4.00E-04
1191,0.0035,117.3,144.1,144,1191,3.00E-04
1192,0.0035,117,143.4,143.6,1192,3.00E-04
1193,0.0035,116.7,143.3,143.3,1193,3.00E-04
1194,0.0035,116.4,142.9,142.9,1194,3.00E-04
1195,0.004,116,142.5,142.5,1195,4.00E-04
1196,0.0035,115.8,142,142.1,1196,3.00E-04
1197,0.0035,115.5,141.3,141.7,1197,3.00E-04
1198,0.0035,115.2,141.2,141.2,1198,3.00E-04
1199,0.0035,114.9,140.6,140.8,1199,3.00E-04
1200,0.0035,114.5,140.3,140.4,1200,3.00E-04
1201,0.0035,114.2,139.9,140,1201,3.00E-04
1202,0.0035,113.9,139.5,139.6,1202,3.00E-04
1203,0.0035,113.7,139.1,139.3,1203,3.00E-04
1204,0.0035,113.4,138.7,138.9,1204,3.00E-04
1205,0.0035,113.1,138.3,138.5,1205,3.00E-04
1206,0.0035,112.8,137.9,138.2,1206,3.00E-04
1207,0.0035,112.5,137.6,137.8,1207,3.00E-04
1208,0.0035,112.2,137.1,137.4,1208,3.00E-04
1209,0.003,111.9,136.9,137.1,1209,3.00E-04
1210,0.0035,111.7,136.5,136.7,1210,3.00E-04
1211,0.0035,111.4,136.1,136.3,1211,3.00E-04
1212,0.0035,111.1,135.7,136,1212,3.00E-04
1213,0.0035,110.8,135.4,135.7,1213,3.00E-04
1214,0.0035,110.6,135,135.4,1214,3.00E-04
1215,0.0035,110.3,134.7,135.2,1215,4.00E-04
1216,0.0035,110,134.3,135,1216,3.00E-04
1217,0.0035,109.7,133.9,134.7,1217,3.00E-04
1218,0.0035,109.4,133.6,134.5,1218,3.00E-04
1219,0.0035,109.1,133.2,134.2,1219,3.00E-04
1220,0.0035,108.8,132.8,133.9,1220,3.00E-04
1221,0.0035,108.6,132.5,133.6,1221,3.00E-04
1222,0.0035,108.3,132.2,133.3,1222,3.00E-04
1223,0.004,108.1,131.8,133,1223,3.00E-04
1224,0.004,107.8,131.4,132.7,1224,3.00E-04
1225,0.0035,107.5,131.1,132.4,1225,3.00E-04
1226,0.0035,107.3,130.7,132.1,1226,4.00E-04
1227,0.0035,107,130.4,131.8,1227,3.00E-04
1228,0.0035,106.8,130,131.4,1228,3.00E-04
1229,0.0035,106.5,129.7,131.1,1229,3.00E-04
1230,0.0035,106.2,129.4,130.8,1230,3.00E-04
1231,0.0035,106,129,130.4,1231,4.00E-04
1232,0.003,105.7,128.7,130.2,1232,3.00E-04
1233,0.0035,105.4,128.3,129.9,1233,3.00E-04
1234,0.0035,105.2,128,129.6,1234,3.00E-04
1235,0.0035,104.9,127.7,129.3,1235,3.00E-04
1236,0.0035,104.7,127.2,129,1236,3.00E-04
1237,0.0035,104.4,127,128.7,1237,3.00E-04
1238,0.003,104.2,126.7,128.4,1238,3.00E-04
1239,0.004,103.9,126.3,128.1,1239,3.00E-04
1240,0.0035,103.7,125.9,127.8,1240,4.00E-04
1241,0.0035,103.5,125.7,127.5,1241,3.00E-04
1242,0.004,103.2,125.5,127.2,1242,3.00E-04
1243,0.0035,103,125.1,126.9,1243,3.00E-04
1244,0.0035,102.8,124.8,126.7,1244,3.00E-04
1245,0.0035,102.5,124.5,126.3,1245,3.00E-04
1246,0.0035,102.3,124.1,126.1,1246,3.00E-04
1247,0.0035,102,123.8,125.8,1247,3.00E-04
1248,0.0035,101.8,123.5,125.6,1248,3.00E-04
1249,0.0035,101.5,123.2,125.3,1249,3.00E-04
1250,0.0035,101.3,122.8,125,1250,3.00E-04
1251,0.0035,101,122.6,124.7,1251,4.00E-04
1252,0.0035,100.8,122.3,124.4,1252,3.00E-04
1253,0.0035,100.6,121.9,124.1,1253,3.00E-04
1254,0.0035,100.4,121.4,123.8,1254,4.00E-04
1255,0.0035,100.1,121.3,123.5,1255,3.00E-04
1256,0.0035,99.9,121.1,123.1,1256,3.00E-04
1257,0.0035,99.7,120.8,122.8,1257,3.00E-04
1258,0.0035,99.4,120.4,122.5,1258,4.00E-04
1259,0.0035,99.2,120.2,122.2,1259,3.00E-04
1260,0.0035,99,119.9,121.9,1260,3.00E-04
1261,0.0035,98.8,119.6,121.6,1261,3.00E-04
1262,0.004,98.5,119.2,121.3,1262,3.00E-04
1263,0.0035,98.3,119,121,1263,3.00E-04
1264,0.0035,98.1,118.7,120.7,1264,3.00E-04
1265,0.0035,97.9,118.4,120.5,1265,3.00E-04
1266,0.0035,97.7,118.1,120.2,1266,3.00E-04
1267,0.0035,97.4,117.8,119.9,1267,--
--,--,--,--,--,--,--
